,0
pension,96
fund,94
investment,75
million,75
market,70
plan,65
price,62
deal,60
bank,58
rate,56
cent,55
money,53
time,52
company,52
bond,52
financial,50
tax,49
card,48
customer,48
service,41
debt,39
sale,38
saving,37
student,37
group,35
share,34
state,33
estate,32
loan,32
investor,32
well,32
offer,30
insurance,29
month,29
mortgage,29
pay,29
product,28
point,28
business,28
week,28
cost,27
private,26
case,26
account,25
claim,25
risk,25
holding,24
government,24
home,24
asset,23
advantage,23
need,23
credit,23
buy,23
higher,23
retirement,23
international,22
value,22
many,22
first,22
health,22
planning,22
back,22
take,22
even,21
discount,21
access,21
able,21
member,21
benefit,21
recent,21
mean,20
court,20
online,20
federal,20
interest,20
capital,20
law,19
made,19
since,19
firm,19
day,19
change,19
plant,19
around,19
note,19
second,19
management,19
uk,19
three,19
already,18
client,18
policy,18
stock,18
"""we",18
news,18
worth,18
energy,18
debit,18
next,18
number,18
another,18
top,18
family,18
cash,18
offshore,18
according,17
want,17
aetna,17
property,17
president,17
save,17
however,17
best,17
public,17
income,17
provider,17
check,17
use,17
current,16
hercules,16
trust,16
travel,16
national,16
rule,16
six,16
today,16
high,16
cancellation,16
easy,16
announced,16
find,16
lender,15
available,15
store,15
visa,15
whether,15
shopper,15
partner,15
act,15
borrower,15
abbey,15
still,15
sell,15
education,15
place,15
low,15
know,15
across,15
woman,15
fall,15
following,15
sultan,14
2004,14
award,14
review,14
resort,14
scheme,14
life,14
return,14
billion,14
come,14
england,14
good,14
biggest,14
australia,14
manager,14
biden,14
move,13
solution,13
commission,13
start,13
bill,13
filing,13
include,13
gold,13
march,13
better,13
loss,13
effect,13
working,13
fell,13
increase,13
major,13
board,13
rise,13
purchase,13
doe,13
london,13
gain,13
lovehoney,13
payment,13
legal,12
house,12
provide,12
long,12
go,12
help,12
charge,12
report,12
cut,12
call,12
finance,12
amount,12
relief,12
every,12
york,12
college,12
american,12
told,12
work,12
quarter,12
little,12
aldi,12
information,12
wiper,12
filed,12
basis,12
yield,12
known,11
using,11
managed,11
monday,11
fee,11
condition,11
looking,11
vehicle,11
vspring,11
resource,11
end,11
become,11
compared,11
added,11
april,11
data,11
country,11
personal,11
source,11
article,11
look,11
process,11
website,11
v|100,11
must,11
late,11
"""the",11
index,11
much,11
beef,11
individual,11
practice,11
july,11
seen,11
fear,11
administration,11
set,11
among,11
2010,11
ongoing,11
tesco,11
system,11
bottle,11
onshore,10
medical,10
driving,10
community,10
north,10
fixed,10
free,10
significant,10
hayman,10
invest,10
challenge,10
flight,10
profit,10
stadion,10
expert,10
going,10
reported,10
protection,10
term,10
unit,10
contribution,10
director,10
perrelli,10
executive,10
caisse,10
sunwing,10
order,10
vacation,10
mark,10
cheaper,10
lower,10
they're,10
build,10
give,10
third,10
advice,10
2003,10
range,10
action,10
based,10
due,10
recently,10
something,10
boot,10
workplace,10
saver,10
employer,10
chief,10
selling,10
early,10
o'reilly,10
canadian,10
average,10
attorney,10
show,9
expects,9
total,9
level,9
right,9
deposit,9
put,9
inc,9
expected,9
world,9
cup,9
really,9
couple,9
cobraguard,9
rayan,9
europe,9
used,9
growth,9
offering,9
found,9
release,9
item,9
offered,9
realtor,9
least,9
past,9
biden's,9
security,9
example,9
housing,9
finding,9
care,9
period,9
without,9
authority,9
hedeker,9
might,9
le,9
four,9
part,9
thought,9
revenue,9
airline,9
aid,9
reduction,9
economic,9
schiff,9
additional,9
huge,9
al,9
support,9
concern,9
canada,9
swbc,9
portman,9
teacher,8
rare,8
given,8
strategy,8
virgin,8
limited,8
think,8
wine,8
cinema,8
competitive,8
contract,8
paying,8
elsewhere,8
performance,8
option,8
let,8
demand,8
dow,8
warned,8
reduced,8
measure,8
gilt,8
program,8
although,8
south,8
allow,8
instead,8
addition,8
55,8
issued,8
opportunity,8
pound,8
thing,8
cover,8
department,8
10,8
believe,8
small,8
harry,8
likely,8
industry,8
reward,8
30,8
2005,8
riu,8
technology,8
took,8
ruhlin,8
hotel,8
approach,8
import,8
portfolio,8
active,8
open,8
estimate,8
decision,8
jones,8
november,8
ban,8
2014,8
city,8
car,8
leading,8
bonus,8
event,8
big,8
increased,8
related,8
existing,8
switch,8
potential,8
county,8
adviser,7
ask,7
explained,7
currently,7
annual,7
general,7
helped,7
treasury,7
expense,7
restriction,7
wanted,7
separate,7
agent,7
appears,7
reduce,7
leave,7
repayment,7
full,7
balance,7
extra,7
record,7
run,7
budget,7
experience,7
entrepreneur,7
watch,7
spring,7
leaf,7
association,7
taking,7
50%,7
sign,7
b&q,7
joined,7
cobra,7
sure,7
ali,7
50,7
pet,7
stop,7
-and,7
amid,7
global,7
fivewalls,7
problem,7
buyer,7
commitment,7
included,7
building,7
park,7
penalty,7
shop,7
union,7
book,7
table,7
earlier,7
10-year,7
25%,7
lending,7
margin,7
2016,7
largest,7
that's,7
harsco,7
4,7
investing,7
held,7
possible,7
holder,7
sofa,7
congress,7
longer,7
avcs,7
room,7
making,7
ski,7
age,7
site,7
september,7
university,7
strong,7
equity,7
date,7
local,7
future,7
often,7
though,7
holiday,7
western,7
trial,7
particularly,7
launched,7
10-k,6
trade,6
mega,6
moe,6
china,6
written,6
storyline,6
flexible,6
remain,6
"""this",6
ever,6
participant,6
harvest,6
night,6
telecom,6
$40,6
employee,6
large,6
released,6
trading,6
story,6
airport,6
cannot,6
highly,6
getting,6
meet,6
percentage,6
latest,6
lacera,6
control,6
dollar,6
considering,6
similar,6
apartment,6
percent,6
smaller,6
project,6
five,6
stay,6
cppib,6
provided,6
popular,6
afford,6
choice,6
living,6
12,6
real,6
mr,6
venture,6
supermarket,6
golding,6
december,6
60,6
expect,6
continue,6
proposed,6
water,6
defendant,6
japan,6
important,6
fiduciary,6
visit,6
transfer,6
result,6
institution,6
household,6
sector,6
reopen,6
blade,6
refund,6
2020,6
error,6
started,6
ago,6
proposal,6
area,6
anything,6
motor,6
deficit,6
research,6
break,6
type,6
person,6
bse,6
previously,6
analyst,6
within,6
hardin,6
cma,6
consumer,6
keep,6
coming,6
falling,6
sold,6
default,6
list,6
school,6
lot,6
li,6
spending,6
"""it's",6
medium,6
live,6
society,6
ltd,6
taken,6
standard,6
rose,6
forced,6
100,6
spent,6
bigger,6
great,6
several,6
intention,6
borrowing,6
rather,6
ahmad,6
£12,6
quebec,6
half,6
sun,6
administration's,6
cancel,6
write,6
"""i",6
windscreen,5
safety,5
committed,5
always,5
road,5
lockdown,5
chain,5
war,5
18,5
buying,5
helping,5
8%,5
16,5
sunday,5
destination,5
sum,5
2002,5
cineworld,5
mastercard,5
category,5
later,5
£400,5
unique,5
despite,5
eldridge,5
1,5
we've,5
toy,5
lee,5
roughly,5
lewis,5
25,5
faced,5
fix,5
limit,5
facing,5
left,5
fan,5
withdrawal,5
ira,5
r,5
earn,5
fourth,5
bed,5
hit,5
here's,5
winter,5
kansa,5
avoid,5
overseas,5
student-loan,5
bargain,5
argo,5
hand,5
throughout,5
patterson,5
job,5
fund's,5
comment,5
emerging,5
allows,5
seller,5
french,5
hot,5
link,5
40%,5
cattle,5
close,5
letter,5
white,5
ubs,5
"""we're",5
closed,5
supplier,5
ability,5
called,5
chance,5
ill,5
rising,5
united,5
senior,5
cafe,5
never,5
light,5
understand,5
various,5
legacy,5
paid,5
long-term,5
mass,5
noting,5
bank's,5
optrust,5
ofgem,5
certain,5
$600,5
20,5
february,5
detail,5
chosen,5
wednesday,5
saying,5
restore,5
far,5
fine,5
prosecco,5
british,5
appropriate,5
legislation,5
inflation,5
confirmed,5
gas,5
variable,5
power,5
majority,5
statement,5
marcus,5
poor,5
received,5
driver,5
chicago,5
feature,5
washington,5
quality,5
opes,5
confidence,5
entity,5
meyers,5
father's,5
manage,5
2006,5
named,5
properly,5
october,4
cap,4
recognition,4
animal,4
staff,4
launch,4
45,4
dog,4
stability,4
geo,4
adjusted,4
robert,4
train,4
land,4
form,4
economy,4
worldwide,4
discussion,4
hefty,4
tuesday,4
clear,4
forgiveness,4
press,4
create,4
lost,4
difficult,4
necessary,4
managing,4
nolan,4
professor,4
center,4
direction,4
via,4
requirement,4
original,4
stakeholder,4
stress,4
final,4
ended,4
name,4
earnings,4
lawyer,4
correction,4
cup's,4
utah,4
supreme,4
thousand,4
deemed,4
matter,4
warning,4
foundation,4
holt,4
ontario,4
$1,4
upon,4
mississippi,4
moving,4
pending,4
direct,4
turn,4
sultan's,4
yellow,4
20%,4
european,4
changing,4
brand,4
inheritance,4
office,4
nonprofit,4
2015,4
former,4
decade,4
section,4
maximum,4
overall,4
"""in",4
retail,4
"""a",4
plaintiff,4
emergency,4
"""if",4
bring,4
fewer,4
bos,4
there's,4
avc,4
trump,4
intervention,4
reason,4
address,4
exist,4
2,4
line,4
thomas,4
spend,4
worry,4
present,4
certified,4
message,4
eight,4
bought,4
switching,4
specialbuys,4
95%,4
asia,4
carolina,4
2008,4
thinking,4
commingled,4
ftse,4
7000,4
7,4
nationwide,4
class,4
brnovich,4
dropped,4
putting,4
contact,4
decline,4
aside,4
changed,4
super,4
tariff,4
immediately,4
gross,4
grant,4
figure,4
drop,4
apply,4
comfortable,4
january,4
sex,4
created,4
snap,4
hundred,4
moved,4
vibrator,4
hold,4
dove,4
slice,4
actually,4
disease,4
trying,4
manages,4
anthony,4
especially,4
de,4
step,4
required,4
outperform,4
doctor's,4
outside,4
promote,4
minute,4
03-16-04,4
departure,4
wealth,4
role,4
initial,4
protect,4
serf,4
summer,4
paul,4
594,4
pot,4
course,4
yet,4
independent,4
valid,4
toronto,4
beneficial,4
£250000,4
improve,4
recommendation,4
beach,4
reducing,4
iron,4
represent,4
version,4
manchester,4
greater,4
approval,4
affect,4
lllllllllllllllllllllllllllllllllllllllllllllllllllllllllllllllllllllll,4
increasingly,4
assistance,4
suggest,4
strategist,4
adding,4
meant,4
complete,4
participate,4
"""it",4
seeing,4
advisor,4
perhaps,4
dean,4
weekly,4
facebook,4
three-year,4
needed,4
compare,4
consider,4
aaa,4
nearly,4
seven,4
nebraska,4
done,4
position,4
bhp,4
fit,4
bbb,4
ccc,4
match,4
£2500,4
relationship,4
america,4
$5,4
australian,4
sydney,4
placement,4
rio,4
screen,4
street,4
nsw,4
different,4
weekend,4
memorial,4
sentiment,4
came,4
decided,4
675,4
boots',4
applies,4
situation,4
15,4
ddd,4
contacted,4
raising,4
tax-free,4
fff,4
yr,4
lump,4
immediate,4
confirmation,4
explains,4
eee,4
package,4
issue,4
brought,4
martin,4
£10,4
purpose,4
booking,4
phone,4
billiton,4
31,4
"""they",4
david,4
3,4
dry,3
meanwhile,3
read,3
los,3
2022,3
injury,3
skirt,3
they'll,3
risen,3
someone,3
begin,3
agency,3
stephen,3
worker,3
moment,3
expatriate,3
growing,3
region,3
older,3
corp,3
capability,3
fixed-rate,3
add,3
advocacy,3
cart,3
expenditure,3
spokesperson,3
hardin's,3
respectively,3
pressure,3
779,3
discounted,3
pandemic,3
directly,3
banking,3
£170,3
application,3
40,3
wish,3
2017,3
asked,3
arm,3
ensure,3
unclear,3
hedge,3
hero,3
writing,3
happy,3
successful,3
click,3
temporary,3
mind,3
£40,3
selection,3
journey,3
portman's,3
perfect,3
capacity,3
social,3
owner,3
arrive,3
"""while",3
round,3
exposed,3
bar,3
tough,3
scale,3
company's,3
trailer,3
scheduled,3
cause,3
honoree,3
michael,3
permanent,3
aldi's,3
enjoy,3
stem,3
750ml,3
passed,3
sharia,3
science,3
test,3
newsletter,3
kick,3
restructuring,3
argue,3
daily,3
quickly,3
normally,3
economist,3
running,3
lift,3
temperature,3
yesterday,3
champagne,3
grab,3
offset,3
clause,3
sainsbury's,3
box,3
went,3
appeared,3
riskier,3
britain,3
confident,3
career,3
nine,3
marked,3
contribute,3
prison,3
update,3
22,3
key,3
breach,3
dismissal,3
true,3
agreement,3
£24,3
continues,3
scotland,3
bradford,3
canada's,3
broker,3
worked,3
currency,3
debate,3
giving,3
challenging,3
detected,3
aware,3
meeting,3
defence,3
operation,3
"""best",3
amy,3
informed,3
miss,3
weather,3
fully,3
property's,3
texas,3
piece,3
719,3
assumed,3
traffic,3
organization,3
missouri,3
mistake,3
reply,3
vulnerable,3
writes,3
population,3
765,3
interesting,3
specialty,3
compensation,3
goal,3
ian,3
nation,3
development,3
attempt,3
keeping,3
unfair,3
thanks,3
spokesman,3
voluntary,3
interest-only,3
food,3
reaction,3
whittaker,3
14,3
document,3
beyond,3
text,3
consultation,3
unable,3
prompted,3
bust,3
request,3
battle,3
heart,3
spotted,3
mecu,3
whole,3
mail,3
2018,3
impact,3
grow,3
interview,3
extremely,3
"""i'm",3
bob,3
recovery,3
human,3
structure,3
counsel,3
welcome,3
sam,3
larger,3
district,3
leader,3
join,3
gone,3
17,3
"""there",3
attractive,3
together,3
cnbc,3
lawsuit,3
£1,3
inventory,3
learn,3
finish,3
email,3
slope,3
legally,3
placed,3
insider,3
advertising,3
advance,3
ticket,3
macquarie,3
encouraged,3
debt-ceiling,3
shopping,3
single,3
campus,3
august,3
secret,3
hike,3
barrel,3
broadband,3
regular,3
fullerton,3
raise,3
politician,3
occupational,3
almost,3
tinto,3
black,3
tv,3
file,3
crude,3
allowing,3
soon,3
announcement,3
breaking,3
signed,3
salesman,3
exit,3
bell,3
crisis,3
pink,3
leaving,3
year's,3
barron's,3
saved,3
understanding,3
owed,3
try,3
hong,3
offence,3
awarded,3
2000,3
alp,3
tyre,3
struggle,3
with-profits,3
warrant,3
booked,3
door,3
27%,3
spot,3
involve,3
retailer,3
appear,3
word,3
dangerous,3
natural,3
ahead,3
digital,3
monthly,3
hard,3
branch,3
borrow,3
subject,3
faster,3
skier,3
paris,3
anthropologie,3
30-year,3
complex,3
calling,3
updated,3
sept,3
premium,3
enterprise,3
government's,3
britain's,3
closing,3
can't,3
criterion,3
affected,3
"docket""",3
exclusive,3
viewer,3
previous,3
founder,3
generally,3
user,3
telstra,3
peggy,3
double,3
wide,3
provides,3
ring,3
diversified,3
net,3
serve,3
dorsainvil,3
focused,3
england's,3
industrial,3
classic,3
component,3
innovative,3
short,3
consulting,3
got,3
promotion,3
"them""",3
island,3
wanting,3
womanizer,3
£3999,3
view,3
hope,3
defined,3
minimum,3
ii,3
usa,3
dale,3
idea,3
along,3
editor,3
newswires;,3
redemption,3
restaurant,3
lihir,3
applied,3
successfully,3
5,3
happen,3
leather,3
prevent,3
speed,3
follow,3
taxpayer,3
hour,3
vice,3
"""our",3
led,3
personalized,3
ore,3
recordkeepers,3
secure,3
"basis""",3
target,3
designed,3
non-domicile,3
takeover,3
(dow,3
wall,3
friday,3
regional,3
central,3
feel,3
smooth,3
independently,3
operator,3
established,3
becoming,3
asbestos,3
exchange,3
multiple,3
originally,3
ming,3
$45,3
restrict,3
video,3
approximately,3
banker,3
professional,3
gained,3
nominal,3
profile,3
21,3
notice,3
noted,3
swbc's,3
resident,3
sponsor,3
selected,3
otherwise,3
tee,3
enough,3
hire,3
disadvantage,2
"""whilst",2
playing,2
post,2
covid-19,2
field,2
donald,2
enrolled,2
urged,2
bse-free,2
angeles,2
question,2
monitor,2
$70,2
facto,2
rest,2
failure,2
"future""",2
drawn,2
broadly,2
rescinded,2
we're,2
short-term,2
tasmania,2
cow,2
dental,2
retained,2
unilaterally,2
trustee,2
effective,2
obligation,2
zealand,2
closely,2
conference,2
cold,2
acquisition,2
traveler,2
600000,2
enable,2
unlawful,2
mad,2
permit,2
extension,2
embryo,2
regulatory,2
meaning,2
semen,2
head,2
"""all",2
face,2
administrator,2
red,2
unlike,2
appointed,2
green,2
prepare,2
potentially,2
searching,2
divestiture,2
betzdearborn,2
versus,2
tell,2
$21,2
recommends,2
bid,2
severance,2
showing,2
status,2
progress,2
pere,2
grown,2
collect,2
mcleod,2
web,2
simply,2
thats,2
delivering,2
70,2
colour,2
intend,2
"""at",2
pursue,2
determined,2
acquire,2
taychouri-smith,2
leadership,2
kan,2
"""as",2
engaged,2
sheep,2
pretty,2
resilient,2
kind,2
rfp,2
unusual,2
typically,2
brit,2
projected,2
win,2
sick,2
straight,2
saw,2
requires,2
healthier,2
spokeswoman,2
aetna's,2
sydney's,2
loophole,2
crossing,2
cutting,2
invests,2
relax,2
£4499,2
initiative,2
mainstream,2
special,2
gop,2
motorist,2
"""thanks",2
decide,2
belief,2
volatility,2
jan,2
objective,2
outsource,2
arizona,2
choosing,2
bet,2
"customers""",2
journal,2
commodity,2
necessarily,2
interglobal,2
£5,2
1000,2
partly,2
edition,2
peer,2
factor,2
serum,2
deep,2
liability,2
blog,2
lllllll,2
150,2
sticker,2
advertised,2
till,2
political,2
allowed,2
nature,2
coupled,2
beauty,2
accrual,2
channel,2
£4,2
19,2
adam,2
broad,2
lidl,2
rally,2
rebate,2
council,2
exceptional,2
exciting,2
-but,2
distribution,2
wholesale,2
cityview,2
fundamentally,2
serving,2
$100,2
-which,2
loyal,2
stopping,2
£2000,2
repurchased,2
felt,2
automatically,2
$7,2
disclosed,2
enrol,2
accrue,2
disability,2
co-founder,2
protein,2
definition,2
no7,2
tip,2
baggage,2
morning,2
operating,2
twice,2
"plans""",2
thursday,2
online?,2
bonds;,2
loyalty,2
l'oréal,2
simple,2
statute,2
justice,2
memo,2
langstaff,2
purchased,2
implemented,2
marmorata,2
aurea,2
monstera,2
biffa,2
suitability,2
ceiling,2
determine,2
bracket,2
tend,2
contain,2
28,2
caused,2
evolution,2
john,2
please,2
parascandalo,2
quick,2
pass,2
us,2
displayed,2
promised,2
accessory,2
equipment,2
restrictive,2
$24,2
danger,2
remaining,2
contributed,2
mirrormoneysaving@mirrorcouk,2
docket,2
autocare,2
lounge,2
cat,2
indicator,2
imported,2
7c,2
difference,2
readiness,2
speculation,2
decrease,2
round-trip,2
expertise,2
risking,2
shed,2
"options""",2
competition,2
salary,2
monitoring,2
germany,2
ten-year,2
alternative,2
critical,2
$500,2
spike,2
comprehensive,2
5c,2
enter,2
(the,2
query,2
seemed,2
"""deferred",2
underlying,2
travelling,2
contributing,2
st,2
'04,2
open-ended,2
liquidity,2
critic,2
flying,2
damage,2
corner,2
grey,2
strategic,2
behind,2
willing,2
ideal,2
closer,2
(and,2
commented,2
wider,2
effectively,2
lowering,2
brexit,2
cruz,2
-by,2
plane,2
everyday,2
transferring,2
content,2
supposedly,2
severely,2
specific,2
guaranteed,2
haggling,2
built,2
whose,2
£6999,2
15%,2
broken,2
bad,2
$349,2
blunt,2
clearing,2
visibility,2
9%,2
marketing,2
torkells,2
sway,2
vote,2
"""with",2
coverage,2
stadion's,2
providing,2
sent,2
uncertainty,2
debacle,2
6,2
2),2
peter,2
began,2
booze,2
protected,2
analysis,2
four-star,2
mine,2
joe,2
sharp,2
dealing,2
specialbuy,2
capitalization,2
orlando,2
communication,2
beginning,2
£575,2
scare,2
hawaii,2
suggested,2
wale,2
sell-off,2
everything,2
france,2
savers',2
excludes,2
newspaper,2
sainsburys',2
pooled,2
invested,2
consume,2
slowdown,2
ohana,2
nearest,2
sainsburys,2
opening,2
participating,2
helpful,2
23,2
tool,2
revealed,2
"ira""",2
10-05-04,2
improving,2
withdraw,2
monarch,2
forecast,2
published,2
3(38),2
brings,2
representative,2
90,2
nilson,2
slashed,2
developing,2
$238,2
congressional,2
inflationary,2
$20000,2
$10000,2
served,2
claimed,2
gave,2
responsible,2
orgasm,2
committee,2
vacancy,2
formed,2
headquartered,2
ceo,2
prove,2
georgia,2
approved,2
franchise,2
division,2
hear,2
either,2
saturday,2
fitch,2
bay,2
pointed,2
extended,2
expansion,2
delay,2
associated,2
$79,2
(see,2
20th,2
crfb,2
saucy,2
$30,2
unlikely,2
return),2
shareholder,2
leeds,2
gatwick,2
customized,2
tally,2
customers',2
ted,2
resolution,2
invited,2
£30,2
facebook's,2
roll,2
dispensing,2
summary,2
plenty,2
substantial,2
recording,2
luncheon,2
non-resident,2
decent,2
budros,2
fed,2
649,2
considered,2
top-rated,2
sweet,2
fun,2
"""but",2
charity,2
$20,2
allocated,2
kkk,2
mile,2
high-net-worth,2
taxed,2
extraordinary,2
dr,2
featured,2
749,2
usual,2
lifetime,2
occurred,2
achievement,2
described,2
beijing,2
opinion,2
quite,2
background,2
peak,2
lesser,2
suggests,2
handling,2
champion,2
supplement,2
clerical,2
sharply,2
roe,2
compounding,2
produced,2
doctor,2
snag,2
jjj,2
proven,2
strength,2
starting,2
kong,2
gaining,2
educational,2
$2,2
world's,2
mixed,2
1965,2
759,2
excited,2
grew,2
venture-capital,2
anz,2
scope,2
pop,2
unlimited,2
730,2
remains,2
gimler,2
pm,2
$34,2
430,2
800,2
carney,2
signature,2
prudent,2
hhh,2
midi,2
evolved,2
eased,2
pleated,2
gasoline,2
iii,2
$35,2
extent,2
graph,2
performed,2
color,2
divest,2
none,2
produce,2
evidence,2
tightens,2
seating,2
clutch,2
outlet,2
13,2
petition,2
strongly,2
outstanding,2
korea,2
declined,2
waiting,2
perth,2
temporarily,2
female,2
check-in,2
0,2
trump's,2
entire,2
commonwealth,2
isa,2
safe,2
guest,2
two-year,2
ensures,2
immigration,2
usually,2
getaway,2
$61m,2
queensland,2
aluminium,2
crackdown,2
consistently,2
distancing,2
illness,2
facility,2
35%,2
quiz,2
equivalent,2
isas,2
wrongdoing,2
664,2
fellow,2
luton,2
pushed,2
640,2
guideline,2
june,2
chinese,2
testator,2
suddenly,2
circumstance,2
difficulty,2
vacationer,2
detention,2
leicester,2
exempt,2
talk,2
bankwest,2
builder,2
sun-seekers,2
unless,2
steel,2
africa,2
anna,2
investmentnews',2
heritage,2
today's,2
founded,2
king,2
people's,2
bunny,2
rabbit,2
dickson,2
visited,2
1149,2
designated,2
responsibility,2
basic,2
£2999,2
love,2
happened,2
newcastle,2
400,2
599,2
continued,2
$39,2
insurer,2
nasdaq,2
s&p,2
search,2
transaction,2
789,2
barclays,2
planner,2
location,2
silence,2
electronic,2
zuckerberg,2
kit,2
policyholder,2
639,2
hunter,2
non-uk,2
explore,2
non-domiciles,2
shorter,2
obtained,2
rianka,2
firm's,2
ns&i,2
flat,2
forward,2
sense,2
london-based,2
overhaul,2
bookseller,2
operated,2
listed,2
jumped,2
closure,2
charitable,2
tracker,2
halifax,2
investmentnews,2
exemption,2
chart,2
improvement,2
"""any",2
dealer,2
defensive,2
coffee,2
associate,2
involved,2
surprise,2
party,2
2011,2
agreed,2
provision,2
fined,2
lead,2
eid,2
operates,2
26%,2
ass,2
13%,2
owned,2
track,2
$164763,2
dramatically,2
cool,2
contributor,2
564,2
corporate,2
pushing,2
nab,2
33%,2
easier,2
angry,2
pie,2
reviewed,2
814,2
"conditions""",2
salesforce,2
domestic,2
669,2
90%,2
ratio,2
impairment,2
argument,2
2013,2
supply,2
he's,2
starbucks,2
high-end,2
denied,2
$18,2
$63,2
$12,2
businessman,2
newswires,2
unexpectedly,2
additionally,2
carolina's,2
et,2
argued,2
27,2
operate,2
skill,2
continuously,2
drive,2
secretary,2
granted,2
impressive,2
staying,2
stage,2
unlisted,2
prior,2
sought,2
recognize,2
ground,2
3-year,2
9,2
season,2
voiced,2
tie,2
republican,2
inaugural,2
collectively,2
salt,2
spouse,2
reality,2
biotech,2
choose,2
block,2
pursuing,2
history,2
thing!,2
11,2
annually,2
early-stage,2
mexico,2
walking,2
tuition,2
elsewhere?,2
clamp,2
pullback,2
others,2
87,2
quiet,2
reversal,2
expensive,2
widow,2
outline,2
2007,2
interested,2
alone,2
734,2
804,2
checking,2
864,2
trader,2
blue-chip,2
695259,2
miner,2
suit,2
play,2
90000,2
$118,2
repay,2
attended,2
day-but,2
complicated,2
raised,2
identify,2
institute,2
weighed,2
incubation,2
ishares,2
furniture,2
country's,2
msci,2
mostly,2
registered,2
team,2
deliver,2
film,2
training,2
reserve,2
ggg,2
mcintosh,2
thrilled,2
survey,2
missed,2
chicken,2
tech,2
station,2
birmingham,2
governor,2
outlook,2
opened,2
generation,2
smart,2
guardian,2
$159247,2
considerably,2
victoria,2
launching,2
threat,2
prime,2
twitter,2
covered,2
16-month,2
rock,2
considers,2
rapidly,2
uk's,2
624,2
bananacoast,2
auxiliary,2
draw,2
pool,2
pocket,2
588,2
accurate,2
retiree,2
bankruptcy,2
voicemail,2
crash,2
causing,2
leisure,2
catch,2
undue,2
except,2
send,2
three-,2
£18000,2
$59,2
button,2
family's,2
survive,2
resulting,2
regulation,2
entertainment,2
on-site,2
rapid,2
session,2
code,1
displace,1
"""had",1
"back""",1
failed,1
"""clearly",1
prominently,1
highway,1
"protection""",1
impacted,1
mezed,1
removing,1
apologise,1
removal,1
"""however",1
overwhelming,1
retain,1
accident,1
05%,1
thecma,1
concluded,1
clubcard,1
sister,1
protects,1
paternal,1
incarnation,1
and/or,1
bequest,1
explain,1
subsequent,1
"contents""",1
formalising,1
executed,1
cousin,1
grandmother,1
"accurately""",1
maternal,1
grandmother's,1
romantic,1
death,1
married,1
christine,1
saleh,1
amended,1
allege,1
investigationinto,1
theirno,1
misled,1
authority(cma),1
eldest,1
mogul,1
sen,1
slapped,1
dwp,1
"""we'll",1
enduring,1
"market""",1
54,1
£1277,1
£1971,1
£693,1
prepayment,1
£708,1
briton,1
massive,1
'should,1
[spotlight],1
rola,1
stack,1
dishwasher,1
124451,1
protectionfor,1
[tips],1
dispute,1
thecompetition,1
mohamad,1
joint,1
denying,1
testamentary,1
creese,1
timothy,1
lucas,1
involvement,1
ordered,1
entitled,1
affidavit,1
material,1
hearing,1
slated,1
mediation,1
resolve,1
lifestylemoney,1
wide-spread,1
620,1
proceeding,1
context,1
misused,1
military,1
contentservices@htlivecom,1
tout,1
joseph,1
mo,1
square),1
touted,1
speech,1
"""offset""",1
kamala,1
trillion,1
decree,1
authorizing,1
inconceivable,1
program-the,1
cancellation-does,1
precisely,1
across-the-board,1
stymied,1
repeated,1
achieve,1
resorted,1
respect,1
iowa,1
"granted""",1
remotely,1
£100m,1
orderly,1
unaffordable[lifestyle],1
demanded,1
negative,1
consequential,1
reasonably,1
understood,1
joining,1
tailored,1
arkansas,1
disregard,1
act's,1
express,1
distorts,1
agenda,1
arbitrary,1
disadvantaged,1
delaying,1
paused,1
now-concluded,1
justification,1
executor,1
dramatic,1
comprehension,1
reflect,1
deceased,1
integrity,1
commissioner,1
aziz,1
gregory,1
melick,1
accountant,1
saltzman,1
damian,1
egan,1
younger,1
brother,1
"died""",1
divorce,1
high-profile,1
approve,1
son,1
clash,1
alleging,1
english,1
father,1
wellington,1
act),1
economically,1
unwise,1
inherently,1
relieve,1
voluntarily,1
burden,1
well-off,1
relies,1
(heroes,1
conservative,1
kunanyi/mt,1
route,1
overturn,1
newer,1
2019,1
invalid,1
well-known,1
died,1
2021,1
attack,1
lifestyle,1
acknowledged,1
revised,1
sustained,1
royal,1
lepage,1
sutton,1
hardcopy,1
photo);,1
trouble,1
connington,1
alarmed,1
turmoil,1
"""raises",1
"questions""",1
lower-risk,1
manuel,1
alastair,1
sewell,1
rating,1
questioned,1
withstand,1
rush,1
unit-trust,1
mover,1
remax,1
brokerage,1
intense,1
"""closed-ended""",1
"quickly""",1
fitch's,1
maintain,1
outcome,1
"""taken",1
"steps""",1
posed,1
"funds""",1
comparison,1
mechanism,1
listing,1
swing,1
muna,1
abu-habsa,1
morningstar,1
reminiscent,1
interval,1
illiquid,1
james,1
downside,1
unpredictable,1
yielding,1
"""temporary",1
indonesia,1
co-fund,1
mix,1
aviva,1
£319bn,1
(?363bn),1
multi,1
(maf),1
?5400,1
agree,1
?100,1
philosophy,1
maf,1
balanced,1
"investors""",1
"""there's",1
34%,1
76%,1
five-year,1
annualised,1
collateral,1
74%,1
"table""",1
"correction""",1
"portfolio""",1
"""range",1
"""these",1
"well""",1
"""performance",1
"digits""",1
7%,1
historical,1
pictured,1
"""building",1
"powder""",1
sort,1
range-bound,1
"bound""",1
"""none",1
"us""",1
"""markets",1
volatile,1
"volatile""",1
intends,1
sell-offs,1
income-paying,1
"adjustments""",1
dilemma,1
citizen,1
variegated,1
simon,1
oscroft,1
"""help",1
fairer,1
emerge,1
"crisis""",1
unprecedented,1
wage,1
1990,1
heating,1
striping,1
hastily,1
checked,1
snatched,1
strapped,1
seat,1
seatbelt,1
"child""",1
reckons,1
£600,1
elaborate,1
decides,1
afloat,1
solvent,1
acknowledging,1
"""cost",1
"catastrophe""",1
predicted,1
£500',1
recipient,1
stated,1
penalised,1
toldthe,1
"""brainstorming""",1
abby,1
relied,1
shafroth,1
suffered,1
concrete,1
continuing,1
submit,1
'more,1
fair',1
dozen,1
once-in-a-30-year,1
multi-coloured,1
'much,1
cancelled,1
fortune,1
picked,1
anywhere,1
£200,1
clipping,1
amateur,1
botanist,1
"""winning",1
"lottery""",1
collector,1
shrub,1
-again,1
mistakenly,1
marking,1
garnered,1
slimming,1
36 per,1
hindering,1
commercial,1
"""open",1
"ended""",1
occur,1
mistaken,1
could've,1
colouring,1
'partner',1
wait,1
"""extremely",1
slim,1
"million""",1
proud,1
£4000,1
houseplant,1
familiar,1
"purse-friendly!""",1
looked,1
quid,1
sitting,1
"""when",1
specie,1
higher',1
sunak,1
eligible,1
triple,1
£150,1
discover,1
£1bn,1
bambu,1
collapse,1
stopped,1
£899,1
£1499,1
rechargeable,1
clitoral,1
stimulator,1
£9599,1
£11999,1
amazon's,1
'gift,1
god',1
ecstatic,1
stroker,1
'lose,1
minutes',1
'give,1
men,1
swerve,1
permanently',1
'magic',1
instant,1
'popping,1
nodule,1
fresh,1
sudden,1
33,1
maverick,1
"movie""""",1
£238,1
membership,1
odeon,1
picturehouse,1
bfi,1
southbank,1
screening,1
vue,1
minister,1
reviewed's,1
ah,1
fashion-forward,1
clothing,1
boho-chic,1
stranger,1
frequently,1
markdowns,1
already-discounted,1
enables,1
candy',1
leg,1
ultimate,1
reversible,1
harness,1
£2799,1
journalist,1
editorial,1
long-awaited,1
swim-up,1
cooped,1
oceanview,1
horizon,1
nestled,1
pristine,1
shore,1
arena,1
gorda,1
punta,1
cana,1
drink,1
soaking,1
dreaming,1
poolside,1
lounger,1
strap-on,1
unisex,1
beginner's,1
sensation,1
convenient,1
£3499,1
"""you",1
bigs,1
girthy,1
£4199,1
sweetie,1
ear,1
vibrator£2099,1
remote,1
£1299,1
egg,1
£2099,1
booty,1
£1799,1
buddy,1
silicone,1
butt,1
plug,1
£779,1
gun,1
soul,1
1984,1
-with,1
"households""",1
vary,1
layout,1
staggered,1
interaction,1
plastic,1
ppe,1
mooky,1
greidinger,1
movie,1
theatre,1
-though,1
non-essential,1
caribbean,1
attending,1
cruise,1
seasonal,1
knowledgeable,1
greet,1
arrival,1
youth,1
drive-in,1
distance,1
sit,1
deala,1
-how,1
-here's,1
replacing,1
licence,1
conviction,1
disqualified,1
proper,1
"""marry",1
"machine""the",1
ensuring,1
friend,1
indoor,1
earliest,1
787,1
globally,1
washing,1
located,1
app,1
map,1
"""allow",1
humanitarian,1
bubble,1
goody,1
preparing,1
$78,1
super-summery,1
pastel,1
shade,1
47-star,1
dressier,1
wonder,1
work-ready,1
hildi,1
anthro,1
$6995,1
$3498,1
$8302!,1
geometric,1
pattern,1
flattering,1
length,1
on-trend,1
unsubscribe,1
products?,1
site's,1
$3998,1
$7995,1
instance,1
virtual,1
visitor,1
viewing,1
"ireland""",1
128,1
gudielines,1
'updated,1
maps',1
space,1
confirm,1
announce,1
tunic,1
10th,1
clarification,1
regard,1
slate,1
tenet,1
mulan,1
beautifully,1
gable,1
tiered,1
ocho,1
jamaica,1
well-deserved,1
covid-era,1
pre-order,1
instore,1
queen's,1
funeral,1
specialbuys?,1
appliance,1
incredible,1
dupe,1
fraction,1
homeware,1
lawmaker,1
gardening,1
"more""",1
8am,1
10am,1
rounded,1
wilko,1
'celebrating,1
prematurely',1
suggesting,1
lauded,1
pricey,1
bit,1
describes,1
"challenge""",1
"unfair""",1
wipe,1
waive,1
modify,1
connection,1
"""sooner",1
forgive,1
"later""",1
reliant,1
conversation,1
chair,1
amplified,1
concluding,1
enact,1
one-time,1
blanket,1
pandemic-caused,1
hardship,1
$125000,1
brnovichtold,1
"""prematurely""",1
pointing,1
"prematurely""",1
praised,1
"""asserting",1
spinning,1
buffer,1
harris,1
sparked,1
absolutely,1
representing,1
embarrassing,1
u-turn,1
£80bn,1
giltbuying,1
catalysed,1
arising,1
earning,1
worsened,1
sterling,1
rushed,1
spiral,1
monetary,1
accelerated,1
shorting,1
cancelling,1
indicated,1
prompt,1
base,1
baroness,1
stabilised,1
final-salary,1
lose,1
insures,1
80-90,1
depend,1
promise,1
underpin,1
boosting,1
pausing,1
unfunded,1
ro,1
remit,1
altmann,1
tory,1
lincoln,1
neb,1
29,1
restraining,1
upset,1
celebrating,1
indulging,1
moneynews,1
enhanced,1
cleaning,1
protocol,1
kid,1
entertained,1
dunamar,1
playa,1
mujeres,1
enforcement,1
"""given",1
48-star,1
moneyaldideals,1
subsidy,1
generate,1
outweigh,1
disinflationary,1
thecentersquarecom,1
townnews,1
((distributed,1
uwire,1
m2,1
abide,1
peace,1
$800,1
tropical,1
cuisine,1
beachside,1
jerk,1
integrated,1
carrier,1
tired,1
all-day,1
world',1
'splash,1
white-sand,1
complimentary,1
sunny,1
sky,1
they've,1
sunwing's,1
tour,1
palace,1
freedom,1
flexibility,1
ease,1
wwwm2com)),1
salesdogsmoney,1
"now""",1
expiring,1
shelter,1
filling,1
twofold,1
"""under",1
ten,1
wiping,1
"over""",1
"""generous""",1
favor,1
overly,1
generous,1
incorporate,1
uptick,1
assume,1
implementation,1
900,1
scalloped,1
clearly,1
overreach,1
"""very",1
shaky,1
neutering,1
kids',1
stroke,1
£110,1
savingpetsshopping,1
ultimutt,1
affiliate,1
velvet,1
creep,1
curl,1
velour,1
stylist,1
faux,1
wayfaircouk,1
aha,1
affordable,1
higher-end,1
pamper,1
offsetting,1
"""so",1
anymore,1
big-spending,1
"democrats""",1
"pay""",1
"""last",1
wrong,1
"good""",1
232,1
transition,1
cultivated,1
nice,1
"completion""",1
blew,1
explaining,1
subjectmatter,1
taught,1
integrate,1
"client""",1
influenced,1
[in,1
industry],1
talked,1
"work""",1
[the,1
trio's,1
young,1
ernst,1
luna,1
gatehouse,1
sophisticated,1
planned,1
bergman,1
magnetic,1
sale-on-sale,1
crafted,1
high-quality,1
contains,1
outer,1
interior,1
slip,1
compartment,1
zip,1
versatile,1
withers,1
dress,1
higher-paying,1
money's,1
hardly,1
inception,1
dipped,1
alm,1
leaning,1
overlooking,1
207,1
242,1
crossbody,1
drag,1
1839,1
witness,1
relaxed,1
judge,1
"""on",1
"probabilities""",1
person's,1
deathbed,1
recorded,1
admitted,1
'outdated',1
seriously,1
hospital,1
tablet,1
smartphone,1
pen,1
paper,1
speak,1
treasure,1
trove,1
dissatisfied,1
"""outdated""",1
branded,1
overrule,1
brief,1
possibility,1
stick,1
bowes,1
'it's,1
'but,1
excellent,1
game',1
£1million,1
£85000,1
expands,1
reauthorized,1
ex-ubs,1
advised,1
lisa,1
lukaszewski,1
neal,1
gerber,1
eisenberg,1
$120,1
work-study,1
purse,1
effortlessly,1
radical,1
structured,1
"education""",1
dispersing,1
$47400,1
attend,1
profiting,1
gop's,1
abuse,1
caging,1
"children""",1
darcie,1
lanthier,1
charlottetown,1
"harm""",1
act?,1
(statestats),1
prosper,1
act-the,1
revamp,1
--magazine,1
system--a,1
bipartisan,1
postsecondary,1
"""strengthen",1
johnson,1
$7490,1
generated,1
$6268,1
$14100,1
$37500,1
$23800,1
$46900,1
2014-15,1
instruction,1
$10221,1
$6131,1
lyndon,1
$17567,1
$16309,1
full-time,1
$23300,1
constant,1
2015-16,1
school-year,1
maintenance,1
depreciation,1
senator,1
partisan,1
handle,1
politics,1
gloomy,1
marcus's,1
entered,1
cynergy,1
glasgow,1
sharia-compliant,1
foray,1
135,1
nestle,1
candle,1
extends,1
firm],1
strap,1
tabitha,1
foldover,1
ashy,1
gray,1
retailing,1
$68,1
$4995,1
$2497,1
145,1
market-leading,1
rug,1
dresser,1
shared,1
confusing,1
apprenticeship,1
applicant,1
receiving,1
culture,1
supportive,1
"time""",1
year-long,1
remodel,1
reign,1
pad,1
now's,1
anthropologie's,1
instagram,1
reviewedcom,1
16%,1
disappointed,1
145%,1
ending,1
relative,1
sport,1
host,1
spearheaded,1
institutional,1
82%,1
'pause',1
61%,1
statistic,1
diving,1
spooked,1
tumpfirest,1
shot,1
red;,1
16-18,1
sea,1
official,1
lighthizer's,1
analytica,1
improperly,1
50million,1
colleague,1
get-it-done,1
attitude,1
numerous,1
38%,1
37%,1
state/local,1
cambridge,1
exempted,1
slumped,1
wake,1
privacy,1
scandal,1
tech-heavy,1
8781,1
725747,1
weekend's,1
traders',1
receive,1
duty,1
fee-only,1
47%,1
reauthorization,1
21%,1
0%,1
44%,1
11%,1
portion,1
accomplishment,1
"year""",1
assuage,1
suzanne,1
tougher,1
developers',1
'this,1
sorry,1
data',1
cnn,1
07,1
continent,1
german,1
honored,1
contributions;,1
twenty-two,1
recognized,1
accepted,1
alexandra,1
armstrong,1
"""dream",1
"happen""",1
engineering,1
merger,1
massively,1
handled,1
apologising,1
broke,1
donated,1
siracuse,1
publisher,1
accepting,1
thanked,1
toast,1
election,1
motto,1
"""nothing",1
"family""",1
$5000,1
advocate,1
"""rising",1
"star""",1
honor,1
model,1
next-generation,1
greatest,1
forward-looking,1
"""her",1
develop,1
brazil,1
argentina,1
"""being",1
relatively,1
"it""",1
tempted,1
sift,1
"power""",1
derivative,1
nov,1
investments;,1
frustrated,1
hugh,1
flow,1
"risks""",1
oversees,1
$192,1
bear,1
"risk""",1
$300-million,1
linked,1
caution,1
latter,1
elaborating,1
doubled,1
"important""",1
"""having",1
girl,1
"possible'""",1
introducing,1
setting,1
"you""",1
"""to",1
lady,1
audience,1
10-letter,1
'impossible',1
'i'm,1
literacy,1
inspire,1
embraced,1
caitlyn,1
@ryanwneal,1
grand,1
valley,1
michigan,1
donation,1
pershing,1
tibergien,1
allocate,1
"areas""",1
eu,1
"""see",1
prof,1
nick,1
hopkins,1
influence,1
certainly,1
suggestion,1
exercised,1
scary,1
impossible,1
expire,1
lighthizer,1
prepared,1
$50billion,1
'punish,1
stealing,1
pressuring,1
over',1
'all,1
measures',1
defend,1
prospect,1
"voicemail""",1
"""pressure",1
implication,1
last-minute,1
viable,1
incubate,1
belong,1
"team""",1
dementia,1
mental,1
"know""",1
anyone,1
pressured,1
caroline,1
"""worrying""",1
abraham,1
barrier,1
wherever,1
"coercion""",1
elizabeth,1
neale,1
bircham,1
dyson,1
weakening,1
presentation,1
5900,1
classifies,1
laux,1
one-way,1
munich,1
(£8398,1
kitzbuhel,1
fare,1
grenoble,1
val,1
everyone,1
d'isere,1
keen,1
nearer,1
crystal,1
136,1
russia,1
'buy,1
price',1
£177,1
accommodation,1
whistler,1
rail,1
skiing,1
austria,1
spain,1
italy,1
(fivewalls,1
cope,1
uncertain,1
debtline,1
"increase""",1
pair,1
folk,1
dating,1
photo,1
rationale,1
com),1
barely,1
co-founded,1
select,1
experienced,1
qualification,1
turnaround,1
$262m,1
$262,1
(£9198,1
trek,1
inevitable,1
stuart,1
obe,1
zenith,1
all-inclusive,1
and victoria,1
year!,1
illustrative,1
actual,1
emerged,1
nationally,1
34 per,1
47 per,1
association's,1
seasonally,1
fell 112 per,1
after new,1
coincidence,1
isola,1
detached,1
"growth""",1
hia,1
harley,1
102 per,1
74 per,1
four-night,1
verbier,1
sleep,1
self-catering,1
catering,1
'savvy',1
ferry,1
£450,1
opposed,1
"check-in""",1
lesser-known,1
jean,1
montclar,1
day's,1
10pm,1
pas,1
£920,1
£1290,1
chose,1
(about,1
£324,1
each),1
eurostar,1
catching,1
curb,1
elson,1
trending,1
alarm,1
consistency,1
"repayments""",1
boost,1
maximise,1
shame,1
ex-soldiers,1
applying,1
getty,1
hooked,1
"area""",1
sustainability,1
"run""",1
exposure,1
tolerate,1
latestage,1
startup,1
profitable,1
venturecapital,1
guide,1
"""venture",1
"disruption""",1
"""will",1
downturnthe,1
clarifying,1
tenant,1
grade,1
uncorrelated,1
london-st,1
meetingthem,1
wordof-mouth,1
placing,1
qualify,1
typical,1
bi-annual,1
rip-off,1
policymakers,1
letting,1
environment,1
vigilance,1
"""consumer",1
"""lending",1
"""lenders",1
weight,1
expressed,1
benign,1
tweak,1
torontobased,1
joanna,1
36000,1
scored,1
conduct,1
success,1
tfc,1
company),1
corporation,1
texasbased,1
think-tank,1
widespread,1
partnership,1
piccoli,1
guelph-based,1
fusion,1
guelph,1
kitchener-waterloo,1
photography,1
lemontree,1
publish,1
impose,1
tighter,1
supported,1
entrepreneur-in-residence,1
lived,1
graduated,1
'dangerous',1
44000,1
rbc's,1
ph&n,1
beutel,1
goodman,1
co,1
pricing,1
boom,1
stricter,1
relating,1
construction,1
prudential,1
ivey,1
24000,1
poised,1
jump,1
toronto-area,1
belleville,1
root,1
great-grandfather,1
82 per,1
sideways,1
corecivic,1
"thought""",1
healy,1
international's,1
acknowledges,1
complement,1
geography,1
healthcare,1
"support""",1
stronger,1
vision,1
technological,1
enhance,1
wwwaetnainternationalcom,1
nation's,1
estimated,1
traditional,1
consumer-directed,1
one-year,1
"""investment",1
modern,1
outcry,1
surprised,1
"aetna""",1
integrating,1
recognizes,1
jeremy,1
hutchingsr@aetnacom,1
"2014""",1
http//wwwcompanyspotlightcom/partner?cp_code=a591&isin=us00817y1082,1
(end),1
0200,1
(0600,1
gmt),1
bargain;,1
passport,1
gate,1
professionalism,1
2013/14,1
ever-keen,1
workers',1
medicaid,1
behavioral,1
pharmacy,1
consecutive,1
honoring,1
excellence,1
significantly,1
emma,1
hutchings,1
pullman,1
"in""",1
abendroth,1
complimented,1
liss',1
combined,1
"""strong",1
counseling,1
"practice""",1
controversial,1
initially,1
(cppib),1
valuing,1
$3666bn,1
behalf,1
bringing,1
shares;,1
respond,1
detain,1
"""zero",1
"tolerance""",1
decreased,1
knew,1
documented,1
mandated,1
activist,1
sumofus,1
45000,1
pride,1
resisting,1
external,1
lobbying,1
rattled,1
narrow,1
convened,1
petitioning,1
$165m,1
"wall""",1
logan,1
campaigner,1
leadnow,1
unnecessary,1
shameful,1
undermining,1
"responsibly""",1
campaign,1
+1,1
rohan,1
sydney and,1
"ambitious""",1
"pensions""",1
work?,1
earns,1
holiday),1
(something,1
embattled,1
$234,1
"profitability""",1
debbie,1
riche,1
long-time,1
franchisees,1
"""cafe",1
flagship,1
montreal,1
aiming,1
annualized,1
$50,1
same-store,1
"transition""",1
positive,1
"""workplace",1
internet,1
out!,1
discovering,1
inched,1
£960,1
£80,1
month?,1
£12000,1
includes,1
ex-gatwick,1
brighter,1
reach;,1
employed,1
don''t,1
aged,1
£9440,1
sound,1
save-as-you-go,1
regularly,1
retire,1
opt,1
£11015,1
happening,1
exceeding,1
bregman,1
@aetna,1
chairman,1
$449,1
$67,1
seattle-based,1
tim,1
hortons,1
mcdonald's,1
mississauga-based,1
recover,1
hiring,1
alix,1
wire)--october,1
2014--,1
coveted,1
773-687-5419,1
administrative,1
part-time,1
hourly,1
governmental,1
government-sponsored,1
labor,1
wwwaetnacom,1
$436,1
renfrew,1
dropping,1
$13,1
assurance,1
restored,1
"creation""",1
60%,1
"provider""",1
london--(business,1
transformation,1
"""fiscal",1
slap,1
amounted,1
systemwide,1
$265,1
$257-million,1
reflects,1
trademark,1
64%,1
revitalize,1
retailer's,1
network,1
349,1
£50,1
$171310,1
they'd,1
(or,1
jones)--hercules,1
(hpc),1
$75,1
maker,1
chemical,1
$65,1
$60,1
0859et,1
settlement,1
consideration,1
reimbursement,1
$10,1
$11,1
completed,1
treatment,1
after-tax,1
proceeds,1
$17,1
$15,1
0926et,1
postretirement,1
03/15/2004,1
sec,1
12/31/2003,1
database,1
recognizing,1
$33,1
brian,1
callaghan;,1
202-862-1352;,1
briancallaghan@dowjonescom,1
1012et,1
spark,1
academic,1
tracing,1
$73,1
progeny,1
lethal,1
bovine,1
spongiform,1
encephalopathy,1
(bse),1
favorable,1
$55,1
sourcesec,1
$58,1
peer-selected,1
preferred,1
1130,1
chad,1
clinton;,1
202-862-1349;,1
2900,1
dismiss,1
plaintiff's,1
reached,1
a$163,1
intraday,1
a$165,1
a$280,1
1282,1
1140,1
61-8-9245-6408;,1
sgbell@bigpondcom,1
-edited,1
pemberton,1
0456gmt,1
$24m,1
jones)--harsco,1
(hsc),1
remainder,1
$143,1
anticipates,1
finalizing,1
460,1
harso,1
awaiting,1
entry,1
creating,1
discernible,1
physical,1
"""active",1
toward,1
deferred,1
$41,1
1997,1
1998,1
assigned,1
unveiled,1
164,1
dismissed,1
obtain,1
$198,1
$200000,1
11125%,1
units',1
quarterly,1
capitalizes,1
desire,1
investa's,1
thrive,1
$160617,1
upromise,1
frill,1
utah-based,1
inauguration,1
collaboration,1
executive-level,1
roundtable,1
utah's,1
overlooked,1
populous,1
surprisingly,1
creation,1
vast,1
(more,1
percent),1
wwwvspringcom,1
elite,1
firsthand,1
roeland,1
596,1
valued,1
splitting,1
efficiently,1
hungry,1
739,1
"vendors""",1
605,1
delighted,1
$395,1
bmc,1
billing,1
666,1
niche-focused,1
"strategy""",1
municipality,1
681,1
maintaining,1
769,1
formation,1
650,1
councilman,1
focusing,1
managerial,1
$27,1
principal,1
industries;,1
ceo/cto,1
venture;,1
(but,1
residents),1
nominated,1
confidential,1
nominee,1
generating,1
accessible,1
foster,1
dialog,1
vspringsponsored,1
$40m-$45m,1
dj,1
cfa,1
unfavorable,1
non-us,1
1003et,1
46000,1
crest,1
nominate,1
shaping,1
insight,1
tournament,1
mentor,1
lake,1
alamo,1
nm,1
copyright,1
apr,1
05,1
asbestos-related,1
group's,1
golf,1
organize,1
lunch,1
state),1
biotechnology,1
officially,1
conceived,1
region's,1
collaborative,1
partnering,1
mentoring,1
36600,1
26650,1
efficient,1
'i,1
1c,1
$386,1
popular;,1
benchmark,1
51pc,1
circumstances',1
18500,1
9500,1
desperation,1
troy,1
negotiated,1
'substantial,1
reduction',1
stayed,1
ahmad's,1
wrote,1
'closed',1
allied,1
dunbar,1
advise,1
recommended,1
slipped,1
singleton,1
$106,1
warner,1
$25,1
delta,1
$132,1
werrie,1
suspended,1
seek,1
50c,1
followed,1
aol,1
banked,1
6c,1
busy,1
activity,1
11c,1
$659,1
traded,1
optus,1
$380,1
40c,1
telecommunication,1
consult,1
bothered,1
htm,1
about',1
-008,1
'flexible',1
salam,1
1994,1
and-a-half,1
in-house,1
putney,1
south-west,1
recall,1
'when,1
again',1
$6550,1
$270,1
anglogold,1
oasis,1
une's,1
rural,1
quarantine,1
importation,1
scrapie,1
monitored,1
508,1
-004,1
465,1
'very,1
'these,1
up-front,1
fund',1
robin,1
giles,1
scottish,1
35,1
[it],1
lllllllllllllllllllllllllllllllllllllllllllllllllllllllllllllll,1
$a/uscents,1
+002,1
5121,1
+023,1
llllllll,1
twi,1
483,1
+02,1
llllll,1
90-day,1
519,1
wilson,1
$350,1
9350,1
"""unfair",1
largely,1
discriminatory,1
$75-billion,1
248000,1
retired,1
player,1
automobile,1
exempting,1
globe,1
sl,1
creates,1
lake-based,1
caisse's,1
(omers),1
blast,1
municipal,1
exclusion,1
dépôt,1
du,1
québec,1
ottawa's,1
stream,1
steady,1
$90-billion,1
1336et,1
eastern,1
pennsylvania,1
complaint,1
assert,1
judgment,1
stipulation,1
proceeded,1
chadclinton@dowjonescom,1
05-10-04,1
globeandmailcom,1
approaching,1
"""unfair""",1
discussing,1
"""agent",1
"crown""",1
taxation,1
comply,1
province,1
"""decided",1
"itself""",1
funds',1
"discriminatory""",1
attracts,1
tax-based,1
weaker,1
weigh,1
fairfax,1
18c,1
$374,1
pbl,1
39c,1
$1181,1
$1742,1
nutrition,1
street's,1
overnight,1
1286,1
1085825,1
fact,1
ords,1
downturn,1
weighs,1
stronger;,1
sector's,1
safe-haven,1
tate,1
russell,1
selldown,1
"markets""",1
$140-billion,1
second-largest,1
"""severely",1
limiting,1
ottawa,1
teacher's,1
newly-permitted,1
ipo's,1
eliminated,1
"""tremendous",1
partial,1
competing,1
talking,1
inequality,1
objection,1
provincial,1
spread,1
tomorrow,1
biennial,1
25c,1
$164917,1
625,1
implementing,1
"beach""",1
procedural,1
1050,1
government-shutdown,1
shift,1
635,1
665,1
540v,1
removed,1
$168646,1
$220-719,1
repeat,1
reasoning,1
654,1
expedited,1
summer's,1
ranging,1
inspection,1
cancun,1
child,1
tackle,1
reappear,1
mcgrath,1
999,1
gonna,1
"queensland""",1
sometimes,1
quickdirect,1
590,1
spin,1
surely,1
794,1
cropped,1
acting,1
encumbered,1
$159551,1
technical,1
ratebusters,1
scu,1
probability,1
568,1
cba,1
1064,1
729,1
intensifies,1
795,1
erik,1
palm,1
24 per,1
"""college",1
apple,1
inheritor,1
headache,1
feb,1
ereleases(r),1
visitwwwcutyourtaxbookcom,1
nationally-renowned,1
suburban,1
northeast,1
cpa,1
http//wwwereleasescom,1
913-499-4860,1
illinois',1
robertmeyers@cobraguardnet,1
cobraguardnet,1
consultant,1
adverse,1
academy,1
(cca),1
under-supply,1
atamazoncomand,1
dialogue,1
star,1
"insights""",1
avoiding,1
parent,1
jujitsu,1
you?,1
first-home,1
microsoft's,1
escape,1
bing,1
tripadvisorcom,1
"is""",1
remained,1
family-oriented,1
"reason""",1
nearby,1
ruin,1
town,1
rental,1
"""those",1
shell,1
grown-ups,1
towards,1
659,1
month's,1
"home""",1
$495,1
taboo,1
run-of-the-mill,1
$172886,1
"""technical""",1
(lacera),1
582,1
http//blogsbarronscom/incomeinvesting/),1
44,1
(this,1
indeed,1
deutsche,1
aneiro,1
seem,1
820,1
consequence,1
custodian,1
upcoming,1
679,1
744,1
750,1
moderate,1
minor,1
negotiation,1
bcu,1
rated,1
worried,1
online's,1
westpac,1
1099,1
"""temporary""",1
724,1
impasse,1
ramification,1
everyone's,1
(up,1
stupid,1
691,1
785,1
$156221,1
patch,1
$725-1070,1
comparatively,1
3674%,1
676,1
ing,1
$155619,1
risk-off,1
798,1
dynamic,1
acute,1
myloanmyway,1
shutdown,1
incompetence,1
ain't,1
calamity,1
negligence,1
2594%,1
underscoring,1
645,1
idiotic,1
trigger,1
completely,1
$159703,1
tf,1
tchir,1
14/32,1
$0-395,1
barronscom,1
591,1
push,1
rife,1
tailwind,1
763,1
tradeweb,1
listen,1
posted,1
606,1
1105,1
12%),1
scenario,1
974,1
http//barronscom,1
myratecomau,1
$595,1
'commingled',1
10-02-13,1
consolidation,1
673,1
1127et,1
revising,1
728,1
$160160,1
lite,1
26/32,1
"instead""",1
subjected,1
"partner""",1
homeloans,1
824,1
wolli,1
619,1
$365-929,1
homeside,1
622,1
creek,1
'legal',1
$164454,1
outright,1
cessation,1
670,1
homestar,1
termination,1
core,1
acquires,1
technically,1
defines,1
754,1
683,1
$160923,1
completion,1
constitutes,1
spoke,1
transparent,1
engage,1
612,1
high-density,1
wishing,1
contracted,1
2012,1
$224,1
664000,1
city-based,1
/prnewswire/,1
mandate,1
745,1
790,1
fringe,1
investa,1
overland,1
860,1
$660,1
nimble,1
610,1
fund?,1
answer,1
becomes,1
$795,1
inefficient,1
luann@wordcovecom,1
597,1
wls/chicago,1
constantly,1
mba,1
aaepa,1
reform,1
magazine,1
wgn,1
fuelling,1
512-789-1471,1
atwwwcutyourtaxbookcom,1
cost-effective,1
"cobra""",1
luann,1
glowacz,1
administer,1
solver,1
adaptable,1
equite,1
extend,1
"serve""",1
cameron,1
visiting,1
time-consuming,1
(rfp),1
637,1
799,1
709,1
$162914,1
state's,1
deluxe,1
co-authored,1
"""public",1
outsourcing,1
"tasks""",1
intro,1
cumbersome,1
"""cobra",1
nurse,1
(variable),1
documentation,1
hr,1
common,1
574v,1
hurdle,1
upgrade,1
improved,1
expose,1
force,1
traveling,1
undercovertouristcom,1
ford,1
tourist,1
(25%),1
melbourne,1
"mass""",1
biasin,1
mario,1
alex,1
$209,1
expediacom,1
(a,1
absorbs,1
metricon,1
discount),1
influx,1
superior,1
$179,1
easter,1
attorneys reveals,1
baseshigh,1
anytime,1
nightmare,1
"die'""",1
http//wwwcobraguardnet,1
'year,1
grown-up,1
picky,1
"""people",1
destinations),1
partying,1
airfare,1
$175,1
1),1
"system""",1
(aaepa),1
disneycut,1
disastrous,1
studentuniversecom's,1
pitfall,1
inquiry levels,1
3),1
$239,1
domain,1
cua,1
theme,1
preserve,1
wire),1
(business,1
west,1
east,1
performing,1
developer,1
coast,1
priced,1
"landscape""",1
evolving,1
resembles,1
774,1
661,1
australand's,1
$170524,1
appearing,1
expedite,1
metro,1
671,1
558v,1
waikiki,1
65%,1
legacy),1
lincolnshire,1
florida's,1
chicago-area,1
messing,1
publishing,1
(isbn,1
978-1-9355470-5-1),1
barbara,1
dearly,1
crowd,1
extending,1
outrigger,1
long-haul,1
"""cut",1
budget-buster,1
tsunami,1
cheating,1
bynew,1
deal-tracking,1
travel-tickercom,1
metropolitan,1
sufficient,1
random,1
desperate,1
predict,1
5%,1
why?,1
14%,1
luckily,1
rescue,1
stabiliser,1
adjustment,1
marketplace?,1
mentioned,1
1980s,1
steal,1
499%,1
fly,1
seems,1
crazy,1
fixer,1
optimistic,1
nowadays,1
thereabouts,1
deal?,1
recommend,1
sally,1
deterrent,1
tiny,1
it?,1
davy,1
prestige,1
thriving,1
rp,1
luxury,1
cant,1
frightening,1
fundamental,1
doesnt,1
print,1
perspective,1
opposite,1
oui?,1
cws-20080415-002-102065,1
second-chance,1
stockmarket,1
stride,1
epitome,1
competitor,1
rob,1
proving,1
down?,1
amro,1
nobody,1
surge,1
top-tier,1
woodside,1
charles,1
hyde,1
grinding,1
i'm,1
gather,1
closest,1
gift,1
bearing,1
plonk,1
wise,1
browse,1
qualifying,1
delivery,1
store's,1
heading,1
600,1
locator,1
bagging,1
gold-price,1
jason,1
prophets',1
d'amato,1
laker,1
10-,1
025,1
justify,1
argo's,1
value-,1
surging,1
commentator,1
elio,1
health-care,1
fat,1
ansell,1
proposition,1
count,1
mention,1
superannuation,1
plus,1
baby-boomer,1
hitting,1
needing,1
kieran,1
abn,1
'yellow,1
graph),1
metric,1
ton,1
prediction,1
a$26,1
a$30,1
"range""",1
effort,1
"possibility""",1
"""looking",1
encourage,1
0451gmt,1
identification,1
$139,1
61,1
pin,1
j,1
craig,1
shearman,1
federation,1
graphic,1
adrienne,1
production,1
(bhp),1
(rio),1
spoken,1
diagram,1
above),1
"""consumers",1
(debit),1
"mad""",1
"""one",1
ruling,1
"""passive",1
"investor""",1
mid-april,1
plc,1
defiance,1
downward,1
mining,1
ramping,1
koolyanobbing,1
environmental,1
australia's,1
producer,1
heavyweight,1
(bar,1
jones)--portman,1
suburb,1
(pmmau),1
diversification,1
180-stock,1
he'd,1
float,1
"times""",1
rarely,1
hill,1
samuel,1
merchant,1
represents,1
industrials,1
wesfarmers,1
orica,1
amp,1
foster's,1
westfield,1
stripped,1
doom,1
attraction,1
gloom,1
se;,1
emphasis,1
dividend,1
reporting,1
we'll,1
kong's,1
sight,1
"point""",1
barry,1
follows,1
stake,1
748%,1
665%,1
hopefully,1
"so""",1
noise,1
blair,1
tony,1
switcher,1
confusion,1
out-performance,1
presented,1
remember,1
retreat,1
attracted,1
fortified,1
sticker',1
payer,1
lash,1
rubber,1
shelf,1
relation,1
compliance,1
"closely""",1
grouphere,1
twitterhere,1
subscribe,1
announces,1
club,1
cardloyalty,1
bag,1
permanently,1
£8,1
£1195,1
revitalift,1
laser,1
pure,1
retinol,1
anti-wrinkle,1
£1660,1
£1395,1
hyaluronic,1
angelica,1
£2,1
spy,1
camelcamelcamel,1
lowest,1
-you,1
1p,1
personalised,1
"""helping",1
programme,1
"scheme""",1
ingredient,1
co-star,1
moneysavingexpertcom,1
hiking,1
£56,1
giant,1
mobile,1
-unless,1
'vulnerable',1
flagging,1
itv,1
£2499,1
extender,1
acid,1
fiber,1
smear,1
remove,1
rain,1
debris,1
dirt,1
passenger-carrying,1
-or,1
£1000,1
carry,1
them?,1
"""plus",1
"speeds!""",1
comparethemarketcom,1
confusedcom,1
moneysupermarketcouk,1
uswitchcom,1
locked,1
pull,1
centre,1
telling,1
disconnecting,1
streak,1
mot,1
fail,1
bourne,1
mascara,1
watching,1
rang,1
beat,1
mindful,1
40a,1
guilty,1
involves,1
"person""",1
"""windscreen",1
appealed,1
pivotal,1
unaware,1
realise,1
compromised,1
defective,1
paramount,1
i've,1
importance,1
"users""",1
30ml,1
essential,1
asda,1
2/28/21,1
£7,1
alternatively,1
freixenet,1
£9,1
£3,1
£72,1
£54,1
oyster,1
sauvignon,1
blanc,1
£750,1
crate,1
3(21),1
participant-level,1
formal,1
delight,1
analyzes,1
swbccom,1
1993,1
near,1
athens,1
£10350,1
£23,1
£1725,1
200ml,1
ordering,1
lately,1
furious,1
mystery,1
'missing',1
nectar,1
approves,1
watkinsville,1
boxed,1
plan-level,1
moet,1
£138,1
smoothly,1
gliding,1
surface,1
glass,1
moneysainsbury's,1
money-off,1
(may,1
posh,1
custom,1
wwwstadionmoneycom,1
cracked,1
uncategorized,1
doherty,1
"""swbc",1
oversight,1
professionally,1
allocation,1
engagement,1
participant's,1
san,1
tolerance,1
easy-to-use,1
us-based,1
replacement,1
design,1
expand,1
focus,1
framework,1
"participants""",1
brad,1
ferguson,1
bouncing,1
split,1
jud,1
"retirement""",1
validates,1
"changer""",1
slash,1
bumper,1
morethose,1
reach,1
tagdesigned,1
mimic,1
oral,1
dubbed,1
"""game",1
secondsit,1
truly,1
five-star,1
"""little",1
"heaven""",1
asking,1
listens,1
antonio,1
swbc-approved,1
personalize,1
qdia,1
36%,1
encashing,1
sampling,1
sean,1
wife,1
refuse,1
do?,1
p,1
require,1
satisfactory,1
confirming,1
strictly,1
medication,1
surgery,1
5ts,1
w8,1
derry,1
mason,1
britannia,1
capped,1
variable-rate,1
"""base",1
"rate""",1
"""part",1
sustainable,1
g,1
f,1
affluent,1
wander,1
adjuster,1
(mvas),1
mvas,1
played,1
gmt,1
0500,1
"ore""",1
nsandicom/products/pb/,1
ernie,1
b,1
haveyouwonjsp,1
old,1
certificate,1
correct,1
this?,1
holder's,1
blackpool,1
fy3,1
9yp,1
prize,1
"way""",1
gardner,1
bludgeoned,1
moneyexpertcom,1
rigueur,1
financier,1
cayman,1
olympic,1
legend,1
herb,1
elliott,1
fortescue,1
metal,1
beaten,1
probably,1
wee,1
sympathise,1
dictate,1
chase,1
unrealistic,1
glenn,1
stevens,1
logic,1
wealth-building,1
amslas,1
shakier,1
succeed,1
financing,1
watford,1
remortgaging,1
155%,1
"mortgage""",1
cure,1
sickness,1
row;,1
edited,1
abigail,1
montrose,1
hertfordshire;,1
riskiest,1
clifford,1
mortgageforce;,1
angela,1
refer,1
unfit,1
absence,1
faith,1
regulator,1
enthusiasm,1
obscure,1
numbered,1
ultimately,1
$155,1
scientifically,1
meantime,1
four-year,1
containing,1
bse-infected,1
meat-and-bonemeal,1
exported,1
anzfa,1
``total,1
consumption'',1
``certification,1
exporter,1
absolute,1
proof,1
infection'',1
asian,1
extreme,1
czech,1
republic,1
became,1
hopelessly,1
blocking,1
aimed,1
certification,1
livestock,1
testing,1
caledonia,1
trace,1
24,1
buffalo,1
1989,1
on-going,1
feeding,1
non-ruminant,1
(pigs,1
finalises,1
fish),1
rules;,1
governing,1
top-up,1
exporting,1
claiming,1
out-of-date,1
greece,1
(anzfa),1
brash,1
cake,1
unattractive,1
actuary,1
whim,1
cashing,1
subsidised,1
supposed,1
weakness,1
inflexible,1
restricted,1
particular,1
unacceptable,1
1987,1
penny,1
separately,1
phased,1
simpler,1
drawdown,1
risky,1
wealthiest,1
free-standing,1
main,1
opposition,1
compete,1
goldfield,1
stocksincluded,1
benefiting,1
dollar's,1
thazell@dailymailcouk,1
943259710,1
business;,1
favoured,1
ordinary,1
125,1
32769,1
hurt,1
influential,1
slump,1
efficiency,1
boosted,1
asx200,1
4c,1
68c,1
returned,1
bullish,1
warburg,1
world-class,1
operational,1
afraid,1
k,1
deducted,1
grocery,1
wednesday's,1
winner,1
ultra,1
semiconductor,1
proshares,1
28%,1
instrument,1
09%,1
intel,1
direxion,1
bull,1
3x,1
microsoft,1
loser,1
1%,1
tokyo,1
resume,1
wealthier,1
necessity,1
slow,1
it'll,1
rundown,1
detailed,1
366000,1
06,1
85%,1
reduces,1
10%,1
halved,1
500000,1
1m,1
rein,1
response,1
crunch,1
loan-to-value,1
174,1
fuel,1
jobless,1
notebook,1
$460,1
thursday's,1
$109350,1
ounce,1
stockpile,1
154,1
momentum;,1
mutual,1
"place""",1
introduced,1
charging,1
enjoyed,1
counterpart,1
goulding,1
uk-domiciled,1
£1100000,1
£1000000,1
stressed,1
high-income,1
earner,1
worthwhile,1
absent,1
182,1
proportion,1
born,1
60000,1
steadily,1
"""permissible",1
discretionary,1
"allowed""",1
indexation,1
redeemable,1
merchandise,1
pinkerd,1
opting,1
$250,1
citibank,1
users',1
leaner,1
chris,1
allen,1
plasma,1
trip,1
"""banks",1
wham-bam,1
stacey,1
experiential,1
"thing""",1
robertson,1
rolling,1
one-third,1
2001,1
charged,1
slightly,1
"marketplace""",1
75%,1
repossession,1
owe,1
frankfurt,1
gloucester,1
cheltenham,1
indicates,1
$125,1
citing,1
anonymous,1
japanese,1
airlines',1
obama,1
"""systemic",1
"failure""",1
prevented,1
christmas,1
terrorism,1
northwest,1
amsterdam,1
detroit,1
osi,1
rallied,1
afternoon,1
finished,1
alliance,1
signal,1
secured,1
cheapest,1
uncompetitive,1
c,1
yes,1
stinging,1
valuation,1
fast,1
lender's,1
fee-free,1
penalty-free,1
harm,1
borrowed,1
comparing,1
overpayment,1
stockbroking,1
owing,1
columnist,1
noel,1
master,1
(amsla),1
whereby,1
dax,1
07%,1
homebuyers,1
01%,1
1126,1
edged,1
2291the,1
stagnation,1
purchasing,1
561,1
expectation,1
nudge,1
009%,1
$7974,1
threat;,1
830,1
1030,1
eia,1
sheet,1
page,1
squeeze,1
low-cost,1
"""interest-only""",1
turned,1
affording,1
fractionally,1
climbed,1
500,1
defcredit,1
nikkei,1
hang,1
seng,1
gmac,1
reading,1
oil,1
551,1
value+,1
1134,1
blue,1
10549,1
$36,1
$48,1
dtm-20100125-1-038-386357,1
etf,1
year-end,1
exchange-traded,1
hugged,1
motivated,1
manufacturing,1
943767724,1
