,word,frequency
443,retirement,392
133,tax,314
52,financial,308
295,income,289
828,plan,267
425,pension,262
10,rate,231
0,money,215
586,saving,191
581,home,189
87,time,184
104,need,170
30,pay,167
590,investment,165
275,benefit,163
143,age,163
628,loan,160
9,interest,155
1315,student,154
5,mortgage,153
521,debt,144
44,month,143
424,work,139
277,credit,137
291,family,135
327,fund,129
454,cent,128
180,million,128
297,child,126
76,cost,124
289,help,123
109,payment,121
75,account,115
1450,percent,112
417,health,110
652,asset,109
252,life,106
1029,contribution,104
134,return,104
399,government,103
57,bank,101
272,business,101
1021,company,96
438,state,90
86,amount,89
1056,care,88
1889,couple,88
403,cash,88
19,adviser,83
264,service,82
106,want,82
253,mean,81
980,expense,80
51,property,80
111,change,78
378,insurance,76
37,high,76
444,increase,75
868,woman,73
527,save,73
25,good,73
490,long,71
1036,employee,71
314,end,71
223,market,70
290,working,69
46,low,67
18,house,67
459,inflation,66
1135,security,66
442,next,66
17,buy,66
698,part,65
346,receive,63
242,price,63
491,keep,63
47,even,61
361,report,61
1063,term,60
657,worker,60
65,however,60
719,job,59
406,personal,59
810,free,59
928,school,59
256,consumer,59
32,go,58
1152,planning,58
1048,stock,57
494,full,57
861,program,57
674,today,57
1059,retire,56
770,group,56
1162,city,56
278,risk,55
102,five,54
429,think,54
1134,social,54
26,better,54
727,survey,54
708,number,54
848,education,53
611,another,53
59,higher,53
723,employer,52
214,research,52
870,card,52
293,support,52
222,study,51
31,lower,51
233,system,51
50,value,51
1857,federal,50
1842,retiree,50
379,start,50
336,found,49
939,parent,49
401,paying,49
582,might,48
859,individual,48
1150,trust,47
1085,current,47
654,estate,47
176,able,47
2198,borrower,47
864,find,46
2563,westpac,46
1094,portfolio,46
217,half,46
307,around,46
3348,boomer,45
1009,level,45
621,product,45
63,lot,45
1446,american,45
1869,super,44
775,enough,44
847,problem,44
231,every,43
575,consider,43
894,come,43
374,advice,43
1201,manager,43
883,making,42
999,strategy,42
544,bill,42
552,doe,42
1545,housing,42
1054,professional,41
484,set,41
1268,salary,41
1481,score,41
2583,investor,41
330,living,41
1090,policy,40
439,rise,40
872,put,40
77,fee,40
483,look,39
257,cut,39
1199,paid,39
2885,defined,39
384,car,39
1672,recent,39
788,early,39
1639,longer,39
146,spending,39
2122,total,38
187,food,38
596,finance,38
539,add,38
584,budget,38
1425,often,37
67,annual,37
53,firm,37
620,generation,37
1214,balance,37
1407,nearly,37
6,option,36
1289,expect,36
1405,adult,36
1019,important,36
978,loss,36
131,information,36
1102,decision,36
394,date,36
487,future,36
1140,increased,35
128,wife,35
618,purchase,35
409,issue,35
992,offer,35
227,top,35
377,national,34
457,september,34
1360,monthly,34
1126,provide,34
880,made,34
857,thing,34
1477,old,34
979,college,34
254,across,34
740,result,34
759,since,34
181,customer,33
1205,private,33
591,rrsp,33
1873,based,33
3,buyer,33
563,spend,33
1494,rent,33
100,likely,33
362,include,33
576,used,32
471,senior,32
4185,medicare,32
226,six,32
1922,single,32
565,dollar,32
235,billion,32
239,read,32
564,four,32
1257,sale,32
1597,member,32
1077,form,32
2588,gps,32
2814,eligible,32
387,available,31
1351,gift,31
244,minimum,31
1383,expected,31
158,least,31
649,equity,31
331,crisis,31
733,continue,31
943,live,31
1177,protection,31
2164,rule,31
700,received,31
15,currently,31
2355,men,31
1370,capital,31
908,industry,30
1133,source,30
66,figure,30
135,case,30
1462,n,30
1509,uggla,30
3217,spouse,30
1737,council,30
725,person,30
74,deal,30
380,worth,30
261,online,30
412,court,29
16,looking,29
929,university,29
34,face,29
2385,law,29
1803,without,29
676,among,29
72,give,29
720,young,29
726,past,29
4782,enrollment,29
1487,lender,29
428,getting,29
1066,never,28
286,left,28
2224,large,28
148,advantage,28
366,move,28
354,line,28
167,due,28
1353,investing,28
248,retail,28
572,big,28
1026,contribute,28
772,scheme,28
1013,goal,28
101,whether,28
912,planner,28
2086,phil,28
1522,scholarship,28
648,access,27
1040,medical,27
205,instead,27
1795,area,27
742,executive,27
1469,earn,27
1271,street,27
3151,husband,27
2109,moran,27
323,uk,27
644,sure,26
2192,impact,26
547,book,26
661,employment,26
670,charge,26
534,wealth,26
91,building,26
2761,sum,26
1694,partner,26
502,away,26
745,best,26
3631,ameritech,26
1023,little,26
2244,homeowner,26
1408,hit,26
793,elizabeth,26
296,factor,26
216,almost,26
1319,share,25
130,needed,25
479,told,25
299,revenue,25
653,real,25
1861,superannuation,25
1778,sector,24
2110,head,24
4339,aid,24
43,several,24
566,really,24
45,record,24
3122,sponsor,24
193,store,24
245,wage,24
13,affect,24
269,association,24
195,boost,24
24,fixed,24
38,especially,24
1049,bond,24
243,cover,24
1815,participant,24
2570,daly,24
805,asked,24
317,director,24
1467,later,24
1067,k,24
2948,ctf,24
326,check,24
1688,client,24
756,quarter,24
489,significant,23
340,ago,23
1072,place,23
3007,require,23
1375,present,23
338,feel,23
937,believe,23
220,visit,23
598,president,23
1291,small,23
2100,took,23
478,situation,23
215,show,23
636,possible,23
309,claim,23
973,starting,23
2328,san,23
1828,deduction,23
258,certain,23
645,using,22
1086,example,22
1768,plus,22
1863,lifetime,22
889,track,22
62,office,22
513,rising,22
1491,renter,22
2340,ever,22
236,expert,22
1017,far,22
1115,fall,22
2046,afford,22
360,must,22
1860,institute,22
515,canada,22
1110,maximum,22
393,key,21
3436,exemption,21
602,hard,21
163,pound,21
922,sell,21
1141,travel,21
39,given,21
3347,baby,21
105,ask,21
311,entitled,21
741,chief,21
2968,third,21
1530,process,21
1091,divorce,21
845,different,21
2430,lose,21
1106,earning,21
1492,owner,21
506,economic,20
1437,millennials,20
1667,calculate,20
1261,turn,20
1862,trustee,20
48,got,20
2506,article,20
738,rather,20
964,invest,20
371,apply,20
1098,middle,20
1549,kid,20
1650,e,20
1642,already,20
114,generally,20
1918,committee,20
127,following,20
1905,trade,20
208,buying,20
2600,website,20
1076,net,20
1702,leave,20
1149,deposit,20
2125,note,20
2294,august,20
799,married,20
2438,required,20
1100,focus,20
20,offering,20
503,meet,19
509,review,19
945,practice,19
1031,additional,19
453,either,19
1750,public,19
310,type,19
497,match,19
185,shopping,19
1117,potential,19
568,expensive,19
769,done,19
2113,b,19
1010,reduced,19
1503,address,19
1270,major,19
40,fact,19
920,self,19
1043,ira,19
2434,bonus,19
4036,pre,19
1228,understand,19
2980,friend,19
1130,become,19
1618,similar,19
1551,community,19
270,invested,19
1637,complete,19
437,april,19
4156,coverage,19
526,economy,18
159,phone,18
344,compared,18
1243,co,18
748,data,18
2167,fear,18
1759,fire,18
2105,gics,18
1151,dividend,18
944,within,18
1859,australian,18
2303,village,18
1062,short,18
639,entire,18
505,nothing,18
1631,global,18
1734,sign,18
2204,saver,18
656,older,18
3119,june,18
660,difference,18
367,financially,18
2026,stress,18
3841,christmas,18
2395,pocket,18
1168,simple,17
2413,allow,17
3030,answer,17
2433,open,17
664,country,17
2130,safe,17
951,perhaps,17
918,learn,17
1413,challenge,17
1374,unit,17
3588,pas,17
1616,always,17
2741,cpp,17
632,largest,17
4092,premium,17
2994,provision,17
218,shopper,17
1163,called,17
1629,announced,17
574,item,17
958,music,17
70,dont,17
29,period,17
281,action,17
1263,profit,17
485,stay,17
420,others,17
1015,reserve,17
2027,alternative,17
2270,disclosure,17
306,deadline,17
1924,standard,17
1297,simply,17
2806,priced,17
461,highest,17
2354,seen,16
1166,behind,16
2017,nationwide,16
2706,julia,16
224,analyst,16
1020,saved,16
1675,filing,16
1050,carry,16
83,thinking,16
2099,guaranteed,16
2271,act,16
765,former,16
1195,matter,16
1624,graduate,16
2715,increasing,16
3632,repayment,16
5407,iverson,16
1660,mark,16
2261,seven,16
2132,fully,16
603,stick,16
434,reason,16
1449,yet,16
431,contact,16
145,hope,16
1074,management,16
152,quite,16
2028,mature,16
844,solution,16
2406,younger,16
1399,youre,16
519,portion,16
901,something,16
853,www,16
120,email,16
854,changing,16
3686,labor,16
3261,administration,16
835,drink,16
103,question,16
1087,beneficiary,15
2595,medium,15
865,sometimes,15
2145,original,15
1764,responsibility,15
2469,congress,15
1034,requirement,15
71,bad,15
852,advisor,15
2566,lost,15
160,call,15
2860,hospitality,15
14,q,15
1038,affordable,15
2667,lump,15
2121,zero,15
3806,relationship,15
288,stop,15
1044,growth,15
1438,estimated,15
282,final,15
1371,gain,15
2904,"""the",15
1608,police,15
458,index,15
1800,taken,15
232,run,15
1155,late,15
1669,taxpayer,15
559,known,15
495,added,15
1340,prepared,15
995,although,15
1720,measure,15
516,gas,15
2542,feature,15
1246,march,15
554,daily,15
92,society,15
1712,earlier,15
155,write,15
675,released,14
305,july,14
971,decade,14
875,water,14
2143,separate,14
3017,union,14
1113,course,14
1131,main,14
345,tell,14
1073,secure,14
5305,iri,14
3832,marriage,14
1406,tend,14
389,household,14
1609,related,14
832,begin,14
1442,center,14
1333,hand,14
1685,cause,14
1835,finding,14
1227,range,14
352,everyone,14
136,difficult,14
532,canadian,14
122,borrowing,14
994,protect,14
839,taking,14
970,great,14
1559,banker,14
2891,"""we",14
1003,career,14
2154,bracket,14
61,post,14
1640,role,14
3047,control,14
2781,pet,14
941,allowance,14
190,traditional,14
1786,analysis,14
465,double,14
2073,greater,14
1738,grow,14
4517,hearing,14
3215,testamentary,14
936,opportunity,14
2106,taxable,14
430,affected,14
616,bought,14
715,tower,14
3253,entitlement,13
350,everything,13
792,ensure,13
2119,generate,13
2451,12,13
3255,resource,13
1006,foundation,13
1179,highly,13
196,increasingly,13
2187,mail,13
2120,rrsps,13
2035,confident,13
3250,accumulate,13
1582,thanks,13
1691,fail,13
2147,corporate,13
679,aged,13
1885,reduce,13
2565,saying,13
2161,ratio,13
396,reported,13
2646,document,13
481,remains,13
118,concerned,13
1193,event,13
2526,refund,13
2556,quickly,13
1740,earner,13
68,percentage,13
2104,registered,13
1267,staff,13
2805,median,13
2133,taxed,13
2019,majority,13
1747,hold,13
1194,brought,13
1986,though,13
3189,rely,13
3372,watson,13
1336,maintain,13
1447,eventually,13
2301,lead,13
744,green,13
746,coming,13
2070,qualify,13
404,man,13
1769,local,13
337,fewer,13
1334,rental,13
1677,forward,13
1678,january,13
806,name,12
1808,limit,12
1893,threshold,12
3006,reach,12
5348,abc,12
1097,holding,12
5374,aca,12
3010,board,12
1099,shift,12
1824,estimate,12
819,manage,12
1089,annuity,12
3741,vanguard,12
1807,employed,12
318,general,12
1501,st,12
1320,isa,12
2985,scenario,12
1156,banking,12
279,losing,12
1061,achieve,12
2376,success,12
1621,earned,12
2367,catalogue,12
934,lack,12
1632,http,12
4599,blanchett,12
1032,roth,12
4195,iowan,12
1746,chancellor,12
1362,build,12
1231,helping,12
455,earnings,12
2338,affluent,12
162,sent,12
1864,provided,12
2252,contributed,12
1348,sense,12
1347,ltd,12
1145,structured,12
1235,trend,12
966,latest,12
1016,equal,12
2322,legal,12
1673,force,12
1851,test,12
97,overall,12
2784,readiness,12
2158,grant,12
411,specific,12
917,accountant,12
156,eight,12
2620,outstanding,12
678,10,12
1170,trying,12
2856,assistance,12
2397,anything,12
3492,inheritance,12
5469,ifs,12
398,thousand,12
1082,liability,12
8,offered,12
1254,concern,12
123,worry,12
1554,born,12
1069,wish,12
3699,supply,11
3094,barrier,11
3494,transfer,11
1328,probably,11
1997,continues,11
998,stage,11
2928,institution,11
3115,retailer,11
2590,comment,11
2045,actually,11
2577,protected,11
1000,training,11
1266,running,11
2912,foreclosure,11
1386,contract,11
3004,oct,11
2878,restaurant,11
2998,agreement,11
2624,vulnerable,11
3354,expectancy,11
820,someone,11
2902,automatic,11
899,keeping,11
3145,meanwhile,11
1272,pressure,11
1071,extra,11
895,entertainment,11
3484,qualifying,11
3550,america,11
2415,barclays,11
1595,target,11
1572,gender,11
4186,reform,11
514,statistic,11
2448,tool,11
631,team,11
319,easy,11
702,clear,11
1682,remain,11
3818,conversation,11
3822,weekend,11
540,recommends,11
4737,natural,11
1557,york,11
4929,understanding,11
734,rest,11
2372,effort,11
569,habit,11
2363,yes,11
85,charged,11
1783,confidence,11
370,choose,11
2480,statement,11
1638,close,11
1643,extremely,11
1822,throughout,11
1479,explains,11
2237,yield,11
1818,decide,11
2061,seems,11
1483,ability,11
2528,spring,11
267,james,11
3720,bureau,11
203,slow,11
460,depending,11
2124,negative,11
423,department,11
414,assessment,11
285,warned,11
1757,spent,11
2153,requires,11
613,avoid,10
1811,incentive,10
4130,oil,10
36,pretty,10
662,prospect,10
896,gone,10
355,page,10
129,death,10
3358,inc,10
926,richard,10
2202,relief,10
3407,landlord,10
2015,model,10
2643,demand,10
1372,mind,10
204,decline,10
1615,thought,10
1226,view,10
4800,michigan,10
1948,create,10
3005,drop,10
364,hour,10
2215,considered,10
99,doesnt,10
488,pensioner,10
5198,colorado,10
1060,necessary,10
1735,send,10
1301,biggest,10
1309,idea,10
1030,beyond,10
447,prime,10
2101,leaving,10
1751,created,10
1037,disability,10
4612,donald,10
3201,5,10
240,shop,10
2280,opening,10
1709,potentially,10
1064,raise,10
2316,copyright,10
1644,wealthy,10
383,aware,10
1943,au,10
1653,file,10
2746,tfsa,10
1592,strong,10
1676,paper,10
518,larger,10
391,ten,10
2312,ymca,10
530,author,10
3240,suggests,10
3237,relevant,10
1295,involved,10
388,struggling,10
1047,non,10
2475,gao,10
328,receiving,10
830,anyone,10
2053,seller,10
3773,residential,10
5378,carter,10
1561,along,10
1412,world,10
1213,pc,10
292,targeted,10
1107,allows,10
1410,wrong,10
5358,wellness,10
1502,w,10
751,workplace,10
3125,bmo,10
2523,iowa,10
3509,moving,10
1474,automatically,10
2490,cant,10
790,effect,10
194,huge,10
273,approximately,10
1101,approach,10
169,joint,10
2169,power,10
784,pot,10
2519,suggest,10
177,application,9
1959,variable,9
3165,recently,9
1698,calculated,9
517,eating,9
754,fell,9
1812,funded,9
2299,67,9
2771,growing,9
98,cheaper,9
1895,negatively,9
2236,mutual,9
1689,decided,9
535,whole,9
1776,vat,9
1127,brings,9
3579,whose,9
1520,history,9
1164,introduced,9
548,renting,9
1693,kerswill,9
1496,encourage,9
3630,auto,9
1745,bigger,9
2813,calif,9
1755,order,9
3196,england,9
433,second,9
1468,usually,9
5193,john,9
110,wont,9
1758,pandemic,9
174,helped,9
3766,recession,9
1024,bit,9
3074,worked,9
456,published,9
462,went,9
1834,started,9
1726,letting,9
1723,paperwork,9
1058,identify,9
3014,civil,9
1500,washington,9
2273,meaning,9
4509,electricity,9
3272,communication,9
2574,institutional,9
4079,mary,9
3277,regarding,9
2183,repair,9
3381,agency,9
2128,worse,9
714,london,9
2127,room,9
1118,gifting,9
2645,sue,9
938,basic,9
710,unemployed,9
2364,gross,9
2072,enjoy,9
1366,harris,9
2899,68,9
1868,release,9
1870,tracker,9
619,smaller,9
1623,degree,9
313,universal,9
1880,officer,9
690,steve,9
1585,holiday,9
1361,basis,9
1883,prior,9
1788,common,9
3003,effective,9
1396,picture,9
1175,selling,9
663,50,9
124,virginia,9
1401,struggle,9
2330,california,9
1349,dependent,9
1964,economist,9
2602,special,9
2156,existing,9
3412,charging,9
343,felt,9
957,facing,9
2197,column,9
329,amid,9
2383,definitely,9
2702,international,9
1785,therefore,9
3182,direct,8
324,charity,8
2239,rose,8
2010,protecting,8
1809,deductible,8
1108,modified,8
1762,official,8
4850,researcher,8
6088,covid,8
359,circumstance,8
1779,particularly,8
385,sold,8
1258,drive,8
294,depends,8
3070,associate,8
2123,initial,8
2233,cd,8
5103,modification,8
1831,list,8
2876,construction,8
2901,split,8
1908,australia,8
303,reminder,8
4729,limited,8
304,ahead,8
1802,deferred,8
1912,retired,8
410,owed,8
266,arm,8
1111,flow,8
6212,overtime,8
1849,scale,8
1663,summer,8
4614,ellen,8
684,closely,8
2594,compensated,8
1560,handler,8
1955,push,8
199,weekly,8
877,wanted,8
5326,design,8
881,bottom,8
2431,let,8
1588,came,8
5308,escalation,8
673,revealed,8
2148,subject,8
659,vast,8
2062,true,8
1390,frank,8
1387,quality,8
157,letter,8
2381,substantial,8
704,positive,8
863,serious,8
5894,cpi,8
3513,attorney,8
3704,jumped,8
785,crucial,8
1490,rush,8
1456,experience,8
3799,together,8
3800,respondent,8
1448,comfortable,8
3811,discus,8
3627,park,8
753,unemployment,8
1439,millennial,8
3838,saturday,8
3530,popular,8
191,british,8
3861,footfall,8
1539,son,8
1424,uncle,8
4048,happens,8
2917,msa,8
4058,newsletter,8
4529,lending,8
1690,moment,8
2152,corporation,8
1323,upon,8
1867,mercer,8
221,convenience,8
1707,deficit,8
3226,provides,8
3219,matrimonial,8
1721,assist,8
1680,missing,8
1314,relatively,8
4555,servicing,8
1936,holder,8
2961,jisa,8
1310,unless,8
3057,preparation,8
3062,annually,8
446,lock,8
35,seem,8
2764,allowed,8
5595,eia,8
578,vacation,8
3322,contributing,8
5654,pub,8
2964,ctfs,8
2320,song,8
3323,20,8
956,jan,8
947,maybe,8
4187,politician,8
1652,rich,8
2329,diego,8
4230,paypal,8
5006,monday,8
4150,position,8
2696,focused,8
2975,provider,7
2131,adding,7
2005,organization,7
1217,sort,7
2949,longterm,7
1904,calling,7
2140,space,7
2006,experienced,7
2162,oas,7
2973,checking,7
1478,outside,7
1837,connect,7
1534,kind,7
1377,please,7
1382,willing,7
2382,performance,7
2390,gold,7
2609,initially,7
1591,toward,7
1404,passed,7
2435,secret,7
2441,exactly,7
1419,duty,7
2457,steady,7
1956,happen,7
2042,broker,7
2181,utility,7
2481,consequence,7
1529,expand,7
1528,2021,7
2485,finish,7
2573,colleague,7
2513,18,7
2571,risky,7
1445,ready,7
1460,solid,7
2050,representative,7
1471,feeling,7
2548,additionally,7
2380,meeting,7
1612,george,7
2374,else,7
1627,soon,7
1914,proposed,7
1832,priority,7
1259,attention,7
1826,fuel,7
2190,hurt,7
1810,stand,7
2216,follow,7
1285,deliver,7
1772,jump,7
1925,comfortably,7
1767,assuming,7
2810,beach,7
2807,fourth,7
1754,cole,7
1748,anticipated,7
1308,1,7
2794,snl,7
1719,series,7
2274,issuer,7
2289,reached,7
2290,via,7
2751,withdraw,7
1646,content,7
1946,cheap,7
2649,gap,7
1321,guarantee,7
1999,sound,7
1075,safety,7
5113,deblasios,7
612,tip,7
400,mistake,7
255,category,7
1092,birth,7
4545,trump,7
3139,population,7
1103,importance,7
623,includes,7
4342,play,7
4095,defensive,7
276,claimant,7
855,handle,7
1122,allocation,7
5075,deblasio,7
866,allowing,7
732,outlook,7
1136,distribution,7
1137,structure,7
3091,owned,7
79,arrangement,7
849,trouble,7
3754,turned,7
445,triple,7
5749,filer,7
3212,thats,7
5019,edmc,7
1033,eligibility,7
3207,default,7
3653,improve,7
4597,actual,7
3222,included,7
4641,strategic,7
3555,overlooked,7
827,implement,7
3614,providing,7
5851,barnes,7
5391,knowledge,7
3705,adjusted,7
3731,publicly,7
3732,traded,7
259,activity,7
280,regular,7
3649,valuable,7
4031,awareness,7
4524,servicers,7
3364,sacrifice,7
3361,critical,7
3026,miguel,7
5269,eat,7
1173,prevent,7
369,calculator,7
6217,grass,7
5244,amelia,7
368,independent,7
3439,seeking,7
4412,williams,7
27,fix,7
3402,splitting,7
3328,trillion,7
3912,david,7
4780,enroll,7
382,update,7
952,applies,7
3938,averaging,7
3016,litigation,7
533,guide,7
694,chance,7
916,doctor,7
3919,terminal,7
915,lawyer,7
691,webb,7
3019,unable,7
108,knowing,7
1846,preparing,6
2636,jun,6
3626,rohnert,6
2572,eve,6
1443,truly,6
1658,twitter,6
1452,west,6
4229,coin,6
5442,sequence,6
3646,favor,6
3642,burden,6
2578,recoup,6
4458,fenningdorf,6
2172,v,6
3489,aif,6
1923,retiring,6
1415,solve,6
1409,party,6
2596,adequately,6
2304,disco,6
3487,qi,6
1921,proposal,6
1455,acting,6
3486,ni,6
4362,njmoneyhelp,6
2576,advised,6
531,smart,6
4396,exact,6
555,trip,6
5017,enrolled,6
2613,coupon,6
2166,discipline,6
2619,immediate,6
3415,hundred,6
2298,willis,6
537,seeing,6
1679,october,6
2627,profile,6
5067,welcome,6
1523,undergraduate,6
184,method,6
3845,festive,6
3849,delivered,6
642,borrow,6
1888,table,6
1605,justice,6
1886,effectively,6
3868,lastminute,6
3012,firefighter,6
2473,cardholder,6
189,giving,6
219,regularly,6
192,corner,6
2467,customized,6
5337,investable,6
5237,coconut,6
705,county,6
2456,continued,6
677,nine,6
3886,sport,6
699,message,6
2453,28,6
1872,fairness,6
2449,bankratecom,6
682,north,6
3956,indeed,6
1571,bus,6
5312,proactive,6
1876,represent,6
4059,partly,6
736,candidate,6
1459,chapter,6
2138,attractive,6
809,break,6
577,putting,6
2335,francisco,6
149,writing,6
1466,sooner,6
4211,speak,6
2337,basically,6
3690,addition,6
797,ebay,6
1475,withdrawn,6
587,setting,6
262,click,6
4196,campaign,6
791,owe,6
301,hmrc,6
2524,realty,6
3747,easily,6
2160,offset,6
2522,heartland,6
2358,turning,6
171,knew,6
1899,secured,6
1506,fraser,6
2157,downside,6
2136,leaf,6
2504,secretary,6
1512,giant,6
1513,ihs,6
1514,markit,6
3396,human,6
1580,recall,6
1765,despite,6
321,search,6
4657,noting,6
2823,somewhat,6
1146,careful,6
2817,j,6
2933,winston,6
1053,seek,6
2934,salem,6
4829,wednesday,6
1960,forecast,6
1028,matching,6
1025,paycheck,6
1022,sponsored,6
2196,jones,6
1012,reasonable,6
3223,pool,6
1001,primary,6
448,minister,6
4579,guideline,6
2195,dow,6
4569,indicates,6
1326,deborah,6
1744,taxfree,6
381,plenty,6
3238,determining,6
2251,mostly,6
4700,advocate,6
5786,permanent,6
1292,region,6
386,energy,6
1112,determine,6
1260,certainly,6
2892,recognise,6
1,im,6
3137,promise,6
1104,grown,6
1777,combination,6
3140,funding,6
4734,difficulty,6
2031,arent,6
1084,kept,6
408,pip,6
1070,section,6
1279,towards,6
2865,widow,6
2864,scottish,6
5929,â£30000,6
1283,typical,6
1079,illness,6
1078,proper,6
1129,stable,6
1252,conduct,6
1138,maximize,6
1249,investigation,6
1238,december,6
4572,replace,6
1221,mobile,6
372,switch,6
5653,discount,6
2085,alberta,6
1148,certificate,6
5599,2016,6
1984,dec,6
1722,correctly,6
2011,resident,6
477,sun,6
492,pledge,6
1717,internet,6
493,link,6
2976,held,6
2277,creditcard,6
2716,load,6
2658,piece,6
11,wonder,6
7,ive,6
2650,â€”,6
2211,aug,6
2,firsttime,6
2993,illegal,6
2001,ccrc,6
2281,excellent,6
308,stopped,6
2203,rock,6
1708,completing,6
1794,failing,6
2229,stagnant,6
4543,affecting,6
2079,hiring,6
2255,variety,6
975,applied,6
2959,elsewhere,6
472,hargreaves,6
2262,straight,6
3054,nonprofit,6
2749,reduction,6
1230,milestone,6
4917,ftb,6
4751,roughly,6
2217,overnight,6
2721,patient,6
1982,subsequent,6
2388,worst,5
4084,truth,5
5102,modify,5
4765,stated,5
629,peter,5
241,hike,5
2221,aimed,5
634,refinancing,5
2209,divided,5
4001,step,5
2371,supposed,5
4749,extending,5
4748,projected,5
2150,deferral,5
2227,afraid,5
390,explain,5
5087,obama,5
1780,treasury,5
395,mirror,5
2377,properly,5
1614,leader,5
655,reveals,5
342,size,5
3957,proportion,5
4786,behavior,5
1789,401k,5
2393,waste,5
1587,inspired,5
228,grocery,5
640,purpose,5
2220,fed,5
669,leading,5
2182,clothing,5
2232,sitting,5
4291,fortnightly,5
2254,determined,5
469,dropped,5
1732,finally,5
1674,covering,5
2170,writer,5
1729,penny,5
1838,develop,5
542,cable,5
4925,unfortunately,5
4382,projection,5
473,lansdown,5
1836,choosing,5
4536,oversight,5
312,replaced,5
4389,6,5
4405,screen,5
4435,expertise,5
1695,pricewaterhousecoopers,5
4448,philosophy,5
2279,appears,5
1697,returned,5
512,coupled,5
1699,collected,5
3946,try,5
499,generous,5
4505,argues,5
4480,carefully,5
302,issued,5
4492,"year""",5
468,linked,5
464,previous,5
251,modern,5
4251,response,5
2369,wrote,5
4098,volatility,5
4107,zlotnikov,5
614,box,5
4809,development,5
4134,delivery,5
4720,device,5
4158,met,5
604,diet,5
4160,tough,5
4179,cap,5
4188,emotional,5
4703,outcome,5
1766,fraction,5
2286,insured,5
585,forced,5
4205,subsidy,5
2339,discussed,5
4210,none,5
418,condition,5
1761,sunak,5
2200,collective,5
422,altogether,5
573,ticket,5
2333,father,5
4218,christopher,5
2243,win,5
4234,signed,5
1661,painful,5
3011,changed,5
3808,rossman,5
3940,explained,5
69,apr,5
3360,withdrawal,5
1368,recommendation,5
932,telling,5
3353,consideration,5
2669,die,5
3343,prnewswire,5
95,respectively,5
1939,wait,5
2705,columbia,5
3313,emma,5
2084,closing,5
2082,dog,5
5659,accommodation,5
2748,indexed,5
3265,ward,5
1339,compare,5
81,45,5
981,disaster,5
983,egg,5
73,comparing,5
2765,choice,5
921,described,5
1376,suitable,5
3388,site,5
3481,completed,5
3501,story,5
125,wallis,5
5470,rpi,5
2111,smarter,5
5471,eye,5
3485,mindful,5
887,tracking,5
1403,havent,5
3482,40,5
5472,watering,5
1378,remember,5
3472,9,5
2108,derek,5
2107,facelift,5
3425,asking,5
2625,disadvantage,5
112,happy,5
2638,brisbane,5
911,certified,5
3393,considering,5
2766,deferring,5
993,suggestion,5
1422,grandparent,5
2776,transport,5
5938,agree,5
3104,sears,5
2926,decrease,5
3065,whats,5
1975,editor,5
1976,bankruptcy,5
1153,vehicle,5
1154,reviewed,5
2024,successful,5
3043,"""it",5
2018,impacted,5
2013,driven,5
3031,telephone,5
1178,theory,5
6218,buyback,5
1183,andrew,5
2987,replacing,5
1210,comprehensive,5
2004,operating,5
2995,florida,5
1188,authority,5
1124,conservative,5
3123,bust,5
1114,achieving,5
2818,pa,5
997,recognize,5
2779,web,5
3221,inherited,5
5744,tcja,5
1312,costing,5
3195,formal,5
3190,quote,5
1961,showed,5
1962,combined,5
3163,advance,5
2898,tourism,5
5771,sunset,5
2044,preapproval,5
1287,margin,5
2041,agent,5
2868,covid19,5
2869,widespread,5
2032,qualified,5
3158,pulled,5
3148,payout,5
862,recovery,5
358,detail,5
2112,kelowna,5
168,various,5
1533,mentor,5
1890,modest,5
1535,commitment,5
170,matured,5
1538,daughter,5
776,overcome,5
3737,owns,5
783,dwindling,5
153,complicated,5
2477,abuse,5
2476,useful,5
3696,r,5
161,contacted,5
2541,highlight,5
1542,joy,5
3689,bring,5
3790,reporting,5
856,easier,5
3852,centre,5
3797,fair,5
737,attitude,5
2501,passing,5
2503,press,5
3833,dy,5
2491,otherwise,5
1526,faculty,5
2139,fill,5
2509,homebuyers,5
2484,expects,5
3817,heart,5
4761,citing,5
3804,topic,5
762,dr,5
2516,realtor,5
1497,reader,5
1544,tuition,5
2493,sen,5
3683,starter,5
137,obtain,5
3577,midsize,5
3898,marketing,5
138,correct,5
2579,spokesman,5
2452,typically,5
2582,wholesale,5
139,becoming,5
1878,field,5
3885,cycle,5
1569,exceptional,5
1430,pick,5
3629,80,5
3524,"""i",5
3647,falling,5
2586,achieved,5
2568,gave,5
814,continuing,5
851,detweiler,5
3651,idrs,5
1881,tom,5
3677,sought,5
1426,newly,5
2144,retained,5
1547,game,5
3939,44,5
1546,leadership,5
2446,meantime,5
5354,broader,4
5322,dc,4
5333,tendency,4
4812,sharing,4
5325,consulted,4
5236,kale,4
6174,moeller,4
4805,aflcio,4
5347,outline,4
5339,limra,4
5240,superfoods,4
5179,except,4
5189,hickenlooper,4
5940,solicitor,4
5764,amt,4
6007,casino,4
4884,attributed,4
5369,vision,4
5394,jill,4
5399,networking,4
5410,stressed,4
5580,temporary,4
5420,observes,4
5434,perspective,4
4926,tested,4
5566,stamp,4
5507,frequently,4
5497,griffin,4
2116,fast,4
2165,calculates,4
4932,carer,4
2149,ordinary,4
4944,ftc,4
2168,purchasing,4
4988,counselor,4
5449,improved,4
5395,cornfield,4
2184,lease,4
4831,federation,4
2094,appear,4
4854,urgently,4
5371,accelerating,4
4859,engage,4
5373,manganaro,4
2194,jennifer,4
2159,parental,4
5697,manufacturer,4
4890,associated,4
2060,obtaining,4
5693,furlough,4
2129,preference,4
5681,15,4
5660,"attractions""",4
5655,meal,4
5385,confusion,4
5074,odalys,4
2088,physician,4
4940,sued,4
3973,lowest,4
4754,encouraged,4
2630,redemption,4
3493,exempt,4
3491,implication,4
3488,dip,4
2603,maturity,4
3441,"""in",4
2612,passive,4
3411,designed,4
2629,advise,4
3408,ban,4
3397,administrator,4
2599,gateway,4
3365,entering,4
3332,delivering,4
2682,poverty,4
3319,britain,4
3315,managing,4
2709,60,4
3303,payroll,4
3298,matthew,4
3291,promotion,4
3495,survive,4
2597,complex,4
4753,outlay,4
3679,united,4
3787,downturn,4
3771,financing,4
2533,snow,4
2536,appeal,4
2538,tree,4
3692,converting,4
3687,land,4
2549,timing,4
3680,prospective,4
2550,ideal,4
3499,february,4
2551,inventory,4
3668,owen,4
2569,trent,4
3637,knickerbocker,4
3611,agreed,4
3589,significantly,4
3587,sufficient,4
3543,mountain,4
2589,declined,4
3289,thank,4
3286,belongs,4
3284,sam,4
3032,mailbox,4
2900,miss,4
3090,south,4
2930,pace,4
2939,hill,4
2944,journal,4
2963,stakeholder,4
3048,"""its",4
3036,accumulated,4
3034,constantly,4
2965,essentially,4
3278,cocco,4
2966,capped,4
2974,entered,4
3029,couldnt,4
2978,became,4
3024,coaching,4
3020,bruce,4
2991,reject,4
2992,mayor,4
3018,standpoint,4
3114,regardless,4
2871,¦,4
3159,extended,4
2853,replacement,4
2750,indexation,4
2756,bridge,4
3264,grace,4
2757,exceed,4
3263,cooper,4
2758,boosted,4
2760,payouts,4
3245,mere,4
3230,sister,4
3216,established,4
2793,metropolitan,4
3206,30,4
3172,saw,4
2816,jersey,4
3168,warn,4
2825,built,4
2826,foot,4
2839,boston,4
2847,driving,4
2517,2018,4
3814,political,4
2511,2000,4
4370,thestate,4
2283,dime,4
4490,brennan,4
4460,llc,4
4441,cottrill,4
2300,â€“,4
4390,1978,4
4388,1970,4
2315,eighty,4
4377,65yearold,4
4369,2039,4
2346,concept,4
4368,2037,4
2317,dispute,4
2318,refused,4
4336,retain,4
2319,sing,4
4240,commission,4
2324,resolved,4
4220,district,4
2331,karen,4
4496,"""most",4
2282,environment,4
4522,"""a",4
4535,subcommittee,4
2214,near,4
2218,competitive,4
2219,sting,4
2226,equipment,4
2235,bankrate,4
4706,catalyst,4
4637,receives,4
4631,thus,4
2240,liquid,4
4615,affluence,4
4600,morningstar,4
2241,compensate,4
4576,finke,4
2248,adjustment,4
4559,witness,4
2253,trough,4
4549,harmful,4
2268,penalty,4
2269,accountability,4
4204,medicaid,4
4159,obligation,4
2508,wave,4
3865,friday,4
2440,lawmaker,4
2443,tab,4
3891,electronic,4
2454,$13930,4
3874,"""as",4
2466,mandate,4
3872,shoppertrak,4
3870,closure,4
3869,ashley,4
3864,frenzied,4
2348,jacques,4
2478,prevention,4
3863,peak,4
3858,storm,4
3844,£138,4
3842,101,4
2492,requested,4
2498,akaka,4
2499,hawaii,4
3824,talk,4
3920,70,4
2428,lend,4
3949,technology,4
2423,owning,4
4143,sheet,4
4104,sensitive,4
4097,gotten,4
2370,recorded,4
4094,swing,4
4071,talking,4
4047,fight,4
4046,prenup,4
4040,settlement,4
4025,kingston,4
2387,mine,4
4022,dawson,4
3992,founder,4
2399,negotiating,4
2401,tour,4
3968,drawing,4
3961,1000,4
2408,ladder,4
3960,vary,4
3228,phase,4
3129,healthy,4
1251,regulator,4
721,improving,4
1435,kobliner,4
549,movie,4
432,directly,4
1696,missed,4
1429,club,4
1095,grows,4
1687,disruption,4
154,caused,4
250,nature,4
722,twothirds,4
1600,colour,4
238,soar,4
1119,charitable,4
1121,appropriate,4
1083,healthcare,4
225,mintel,4
1253,expressed,4
1700,code,4
1877,playing,4
1068,rolled,4
58,slightly,4
1057,overwhelming,4
781,essential,4
840,backed,4
1055,accounting,4
543,cell,4
21,48,4
801,spokeswoman,4
1465,writes,4
500,welcomed,4
1813,pretax,4
211,fruit,4
1123,reflect,4
426,dwp,4
1139,minimize,4
1233,pull,4
1671,flurry,4
1681,fine,4
892,written,4
1896,cancelled,4
1906,female,4
206,swapping,4
1814,interested,4
1683,complaint,4
1237,packaged,4
1160,voice,4
1817,selected,4
1819,ongoing,4
529,foran,4
28,shorter,4
597,vice,4
1132,objective,4
1245,suit,4
1247,direction,4
183,granny,4
1927,particular,4
1411,enter,4
147,remaining,4
1930,marie,4
1414,harder,4
893,envelope,4
874,bag,4
186,preferring,4
898,version,4
1934,excluded,4
1052,educate,4
803,anonymous,4
1866,percentile,4
982,nest,4
1865,th,4
300,custom,4
1517,alma,4
990,nationally,4
1518,mater,4
1191,closed,4
1736,newspaper,4
1655,sbrown,4
1519,donation,4
1570,arrived,4
948,math,4
1568,committing,4
1654,reuters,4
1844,counterpart,4
1531,cheque,4
1508,lance,4
1985,23,4
1532,scholar,4
1718,software,4
1565,side,4
633,brokerage,4
955,mess,4
972,roll,4
1990,franciscan,4
1564,served,4
778,65,4
1991,oak,4
1541,sfu,4
132,probate,4
234,lifted,4
1656,postmedia,4
1284,package,4
991,publication,4
1855,legislation,4
1482,gpa,4
804,toronto,4
333,ca,4
271,developing,4
1042,select,4
22,52,4
925,professor,4
1752,coronavirus,4
287,renew,4
1829,guidance,4
322,gov,4
1507,alumnus,4
931,ontario,4
1039,purchased,4
1007,balancing,4
1659,browniecott,4
1968,competition,4
402,welfare,4
1014,emergency,4
1005,establish,4
1498,michelle,4
1187,regulation,4
1499,singletary,4
1505,simon,4
5562,borrowed,3
545,trim,3
3749,laura,3
2717,provincial,3
4375,"""when",3
782,theyre,3
541,reviewing,3
5555,rsa,3
5552,division,3
3742,morgan,3
3721,root,3
3133,tony,3
786,dropping,3
2783,nil,3
5593,electric,3
96,afterwards,3
3669,hot,3
5597,emission,3
5192,coloradan,3
23,fiveyear,3
1305,wise,3
1304,affair,3
3660,farm,3
265,shot,3
357,black,3
3656,certification,3
3654,located,3
812,opposed,3
3648,shown,3
2791,nar,3
2782,leisure,3
2739,quit,3
6102,jobseeker,3
4788,wile,3
3711,fallen,3
3707,war,3
2752,draw,3
2754,spread,3
1331,tight,3
4393,fortunately,3
2762,enhanced,3
1329,overdraft,3
3694,declining,3
2770,expenditure,3
798,wasnt,3
2773,gmail,3
2774,comfort,3
802,debtor,3
2701,fidelity,3
3813,whatever,3
4795,nonunion,3
703,extend,3
2532,searching,3
1484,numerical,3
2535,curb,3
3901,alike,3
117,muddled,3
2547,yard,3
3894,chain,3
4311,gradually,3
2558,ave,3
1461,path,3
724,hired,3
3881,promising,3
3879,arrive,3
1453,prioritize,3
1451,dream,3
5477,lag,3
1432,thirty,3
4316,considerable,3
2585,detailed,3
3856,freezing,3
3909,withprofit,3
1488,unlike,3
3913,rutter,3
1493,involves,3
3945,active,3
1550,hopefully,3
2471,momentum,3
1540,incredible,3
1537,involving,3
2479,2005,3
1527,science,3
3935,135,3
1521,perpetual,3
2494,paul,3
2496,md,3
2497,daniel,3
1510,ceo,3
5464,fiscal,3
5465,rollercoaster,3
121,homebuying,3
119,conveyancing,3
2520,prepare,3
2521,listing,3
2591,faced,3
3847,beleaguered,3
4797,gaffney,3
1359,surplus,3
3789,shut,3
4980,educational,3
2662,opened,3
4347,mcallister,3
4982,mailing,3
5208,"""these",3
2674,divorced,3
3767,builder,3
5199,announcement,3
3761,trailing,3
1400,taught,3
229,twice,3
4801,nation,3
2687,hear,3
2688,educated,3
348,pack,3
2690,argue,3
2693,assumption,3
2694,cautious,3
5196,senator,3
767,appointed,3
2653,fought,3
2651,spotlight,3
1369,flexibility,3
2607,perception,3
4324,length,3
3829,experian,3
2617,allegedly,3
2618,demanded,3
2621,damage,3
5495,fico,3
4330,consultant,3
334,carried,3
4830,detroit,3
116,predicted,3
1388,rated,3
4332,skill,3
363,childcare,3
4335,aspect,3
2639,nov,3
115,risen,3
553,cutting,3
4974,posting,3
2828,denver,3
3572,relative,3
3644,similarly,3
818,spender,3
3111,definedbenefit,3
4625,maternity,3
4489,joe,3
5754,repealed,3
5755,deduct,3
1105,supporting,3
3138,aging,3
4620,aftertax,3
4619,specialist,3
3149,waiting,3
904,meaningful,3
3154,ground,3
5760,agi,3
4607,fun,3
501,kick,3
3395,charlie,3
3171,night,3
56,yorkshire,3
4503,"""if",3
5774,legacy,3
3385,hall,3
897,updated,3
4636,marginal,3
4481,tide,3
3079,didnt,3
1159,powerful,3
3055,apartment,3
4655,recommend,3
3480,â£175,3
3479,qive,3
3067,katie,3
3471,11,3
5098,approved,3
5726,dollarcost,3
3081,creditor,3
3102,earl,3
3083,overwhelmed,3
4473,consistency,3
4474,class,3
3455,demanding,3
4475,foreign,3
3451,disadvantaged,3
5735,window,3
3098,"""my",3
5739,administrative,3
5135,scheduled,3
4593,"""so",3
3375,100,3
466,removed,3
4530,ramification,3
4534,chairman,3
476,spoke,3
4564,strengthening,3
3330,accessible,3
4539,collectively,3
3256,noted,3
3325,us,3
4557,joined,3
5820,nol,3
480,eased,3
4553,servicer,3
4544,nevertheless,3
3283,formula,3
4550,appointee,3
3285,decides,3
3287,poor,3
3301,collecting,3
467,equation,3
3299,forbes,3
3341,sept,3
4528,examine,3
4511,calculating,3
486,foreseeable,3
923,dinner,3
4513,ultimately,3
5140,greenberg,3
3368,core,3
3197,yesterday,3
924,foerster,3
3202,supplier,3
5791,partnership,3
4583,prof,3
3213,consistent,3
3235,fairly,3
935,realize,3
3352,sustainable,3
1011,eliminated,3
3218,intended,3
4575,michael,3
3227,structuring,3
5151,surprise,3
452,bringing,3
3234,appointor,3
3483,athat,3
4661,landscape,3
4456,personnel,3
2916,tuesday,3
3581,inherit,3
4450,"""theres",3
1269,branch,3
2897,24,3
4710,rebecca,3
1255,pushed,3
4705,obstacle,3
3565,assistant,3
413,ruling,3
3560,cdc,3
3583,socalled,3
5062,advocacy,3
841,collateral,3
3554,previously,3
1244,operative,3
263,collect,3
3552,texas,3
6003,ringfencing,3
2946,distributed,3
3539,promote,3
2888,autoenrolment,3
834,baseline,3
5676,"""at",3
5626,2017,3
5025,promised,3
3641,necessarily,3
821,weight,3
2838,fla,3
237,predict,3
5032,mceachen,3
2846,boom,3
4742,incurred,3
3617,eaten,3
3604,overhaul,3
5049,hinz,3
5638,gpi,3
4439,criterion,3
3597,loved,3
522,faster,3
3594,grandchild,3
2872,27,3
2873,art,3
2874,worried,3
2877,fifth,3
3536,user,3
2957,dad,3
3490,qwe,3
3021,fouraker,3
4676,ass,3
860,counselling,3
3008,defer,3
3009,bodied,3
1192,door,3
3013,citizen,3
4674,component,3
3015,auditor,3
1186,prudential,3
3022,jacksonville,3
1202,targeting,3
3028,austin,3
1174,mi,3
3497,redundant,3
3033,collector,3
4667,acquisition,3
3496,ill,3
3038,sleep,3
3040,forget,3
249,busy,3
1200,investec,3
3002,negotiation,3
2958,carers,3
2984,timesunion,3
82,43,3
2967,equivalent,3
2969,locked,3
2971,picked,3
2977,launched,3
1216,santander,3
1215,contrast,3
2982,scrapped,3
2983,sundayâ€™s,3
5989,carillion,3
3001,legality,3
2986,rejecting,3
2988,mayorâ€™s,3
2989,negotiated,3
2990,taxpayersâ€™,3
1206,suite,3
2996,statute,3
2997,bargaining,3
2999,shall,3
3000,existence,3
685,followed,3
1379,performer,3
5314,placed,3
5247,superfood,3
4215,enormous,3
4003,menu,3
1703,minute,3
1704,underpaying,3
5338,undermine,3
1733,photocopy,3
4111,fifty,3
2256,benchmark,3
1603,movement,3
12,fixing,3
4181,wsj,3
173,led,3
1875,perfect,3
1951,deep,3
1874,concession,3
1933,residence,3
2071,armed,3
1950,dig,3
630,kinch,3
1641,founded,3
4207,commit,3
4216,participate,3
2180,payoff,3
1730,round,3
4000,premise,3
5289,body,3
4844,disease,3
4228,£1023,3
4070,discrimination,3
4848,mortality,3
4225,opinion,3
1593,academic,3
5342,underemployed,3
2185,miscellaneous,3
1827,transition,3
4933,voluntarily,3
2051,assume,3
1742,levy,3
643,wary,3
3996,applying,3
1884,worrying,3
5238,dietitian,3
4292,limitation,3
3998,"""this",3
4880,apart,3
4934,rebate,3
1731,nearest,3
2379,happened,3
2142,incorporate,3
1852,unusual,3
200,supermarket,3
2365,ripped,3
1854,alliance,3
2275,ben,3
1630,competitor,3
4078,network,3
2362,status,3
595,reid,3
1715,tilly,3
2361,millionaire,3
2089,trained,3
166,clarify,3
594,lovett,3
4296,commonwealth,3
1714,baker,3
4193,infrastructure,3
1713,bull,3
4029,nicole,3
1711,sending,3
1710,hassle,3
5380,ohio,3
1716,leeway,3
2366,ownership,3
5332,inadequate,3
1724,payslip,3
2075,began,3
2076,l,3
1613,floyd,3
4015,exclusive,3
4016,territory,3
2265,mixed,3
650,creating,3
5377,surveyed,3
5331,prefer,3
1728,pep,3
2103,extreme,3
1620,economics,3
588,aside,3
4019,divorcee,3
5329,doubt,3
1727,isas,3
4034,wale,3
2163,revised,3
1705,stung,3
1944,wolfe,3
1725,carrying,3
2246,shape,3
1701,handing,3
4233,royal,3
4302,centrelink,3
1801,stability,3
2442,steep,3
4918,earns,3
2439,costly,3
1670,forgiven,3
671,outdated,3
3969,£100000,3
2436,ok,3
617,throw,3
1668,hardpressed,3
4259,proof,3
1987,unfortunate,3
1666,selfassessment,3
2206,jim,3
1577,air,3
2205,depressing,3
1782,recover,3
2037,greg,3
1804,deducted,3
1665,returning,3
2230,mode,3
2134,staying,3
4062,watch,3
2427,reality,3
1903,broad,3
5439,longevity,3
2210,conceded,3
4269,physical,3
1798,ensuring,3
1993,subsidiary,3
4274,suggested,3
1555,attended,3
637,refinance,3
5263,fibre,3
1793,shoulder,3
1792,solely,3
1897,veteran,3
638,principle,3
680,5064,3
672,stereotype,3
141,birmingham,3
1791,join,3
4855,investigate,3
1902,taxation,3
3964,conducted,3
5432,exists,3
1684,advancing,3
5387,grasp,3
4963,skyrocketing,3
2416,springboard,3
2023,nursing,3
4840,substance,3
1910,rice,3
5281,banana,3
1662,watershed,3
4892,psychological,3
4841,suicide,3
2327,reformed,3
4851,refer,3
6236,rainford,3
2238,wiggle,3
1820,tied,3
1760,rishi,3
4169,oversees,3
1753,sarah,3
1692,leonie,3
4067,manageable,3
606,lesson,3
6234,slay,3
5255,video,3
5278,avocado,3
1706,surcharge,3
2424,dividing,3
6187,amico,3
1894,fortnight,3
4116,characteristic,3
1771,band,3
5364,spreading,3
1686,undue,3
4066,nz,3
6244,governed,3
5362,accurately,3
2420,guarantor,3
1664,grim,3
5320,explore,2
5703,"costs""",2
5709,recipient,2
5321,desired,2
5701,enthusiastically,2
5705,vital,2
5707,scan,2
607,mindless,2
3500,2006,2
5702,slash,2
5706,"businesses""",2
5315,headwind,2
873,plastic,2
4457,roger,2
5318,inhibitor,2
4459,rocaton,2
5704,"""however",2
3498,surge,2
5712,"them""",2
511,slowdown,2
5317,examines,2
601,agrees,2
605,likens,2
202,dash,2
5316,titled,2
5319,exacerbate,2
884,lifestyle,2
5440,complicating,2
5700,squeezed,2
5346,fielded,2
3532,epicurious,2
5352,anticipates,2
3531,culinary,2
5677,moment vat on,2
5678,cut vat on,2
5679,said the,2
3527,boyfriend,2
5680,sales tax,2
5351,steam,2
5350,manifesto,2
5682,£4billion,2
5349,unifies,2
5683,benefiting,2
5684,150000,2
5685,everywhere,2
3533,beef,2
3534,recipe,2
5675,mp,2
5669,"""each",2
3551,isnt,2
5665,participating,2
5666,£10,2
5667,"""businesses",2
3547,arizona,2
5668,register,2
3544,incorporates,2
5674,"again""",2
5670,"days""",2
5671,cafe,2
5672,b&bs,2
5673,"""bustling",2
5353,embrace,2
4114,dubbed,2
5686,"jobs""",2
5687,"""supplies",2
5699,disappeared,2
5345,supported,2
4136,extent,2
4137,lagging,2
198,topup,2
4140,parker,2
5694,hostility,2
5330,disconnect,2
5328,informal,2
5695,ian,2
5327,incomers,2
201,trolley,2
5696,wright,2
78,revert,2
5698,catering,2
5324,fare,2
5323,context,2
5334,cater,2
5335,solicitation,2
3511,facebook,2
5690,cafés,2
5344,dupont,2
5688,nonalcoholic,2
5343,deb,2
5689,bar,2
5341,sporting,2
5340,sri,2
188,"it

shoppers",2
510,grapple,2
610,strict,2
5691,"uk""",2
5692,booze,2
4455,"competitors""",2
3512,deserves,2
197,popping,2
5336,initiated,2
5300,belief,2
4461,pensionplan,2
4525,"accountable""",2
4521,chairwoman,2
4226,fraudster,2
4523,$15,2
562,hortons,2
4289,cocontribution,2
3351,"""to",2
561,tim,2
4288,intends,2
482,sky,2
4526,morning,2
4462,norwalk,2
942,teach,2
4237,unauthorised,2
4527,convenes,2
5251,vegetable,2
3345,sole,2
5801,light,2
4239,refunded,2
5282,nutrient,2
4283,urge,2
4520,dca,2
3359,urbanksi,2
4224,guest,2
4223,coralville,2
4209,mathematical,2
580,closer,2
5246,definition,2
4212,truthfully,2
4213,mismanagement,2
4506,wealthiest,2
5779,un,2
498,soaring,2
4214,shackled,2
3377,advisory,2
4510,word,2
3374,fortune,2
4217,exploiting,2
4219,nd,2
4221,practicing,2
4222,surgeon,2
496,centincrease,2
4518,congresswoman,2
4519,maxine,2
4531,overdue,2
4532,congressman,2
3337,copy,2
4275,crime,2
5265,contains,2
470,centat,2
4546,betsy,2
3312,robinson,2
3311,oppressive,2
3310,guy,2
3309,lover,2
3308,liberal,2
3307,ponzi,2
3306,lousy,2
3305,alpo,2
5264,spinach,2
4265,paypals,2
4266,anyway,2
3304,taste,2
4547,devos,2
3302,confiscated,2
3300,privatized,2
4548,consistently,2
4262,transaction,2
3317,showing,2
4533,al,2
474,helen,2
4248,covered,2
5256,leafy,2
4250,usual,2
475,morrisey,2
4537,convening,2
5273,deemed,2
4538,insight,2
5272,olive,2
5814,expensing,2
3326,drawdown,2
5271,gut,2
4256,vein,2
4540,$16,2
5816,permitted,2
4541,$33000,2
210,milk,2
4542,preventing,2
4277,fraud,2
3320,largely,2
914,walkington,2
3391,dave,2
4501,mackay,2
5306,hartford,2
4172,bartels,2
209,bread,2
4476,knitting,2
5304,"balances

having",2
5303,boosting,2
5302,supplement,2
4477,"say""",2
4177,measured,2
4478,slumping,2
4479,upsetting,2
212,veg,2
5742,impression,2
4482,style,2
5242,reap,2
5243,reward,2
64,quoted,2
3438,hamster,2
4483,passion,2
4184,elected,2
3454,tenancy,2
5733,treated,2
4485,talented,2
5307,transitioning,2
4463,connecticut,2
4464,overseeing,2
4465,oversee,2
5313,g,2
4466,succession,2
4467,exist,2
5722,bite,2
4468,departure,2
5311,engaged,2
3466,dozen,2
4469,disrupt,2
4470,[regulatory],2
5310,adequate,2
5727,schedule,2
5309,contends,2
4471,"compliance""",2
207,bulk,2
4472,narrow,2
5730,dumping,2
4484,"""were",2
3433,cheltenham,2
5769,surviving,2
504,vancouver,2
4493,gush,2
903,somehow,2
4200,deeper,2
4201,vote,2
4202,november,2
3410,emerged,2
3409,unfair,2
4203,brush,2
906,pervasive,2
4494,reeled,2
4495,lately,2
3404,occasionally,2
5245,harray,2
3403,jupiter,2
4206,defense,2
4497,"about""",2
3398,secondary,2
909,coach,2
4208,politicized,2
3414,"rent""",2
4199,drpetersforiowa,2
4189,wedge,2
4198,folk,2
4486,tenured,2
3431,yearly,2
3430,cat,2
4190,scaring,2
4487,passionate,2
4191,reformer,2
5750,itemized,2
3427,twobedroom,2
4192,consume,2
4488,"investing""",2
5752,indebtedness,2
4194,everyday,2
3422,rented,2
3420,£50,2
3419,animal,2
589,paycheque,2
3418,tenant,2
4197,inviting,2
4491,mutualfund,2
182,adopting,2
4444,rigorous,2
5664,"""meals",2
3846,£165,2
5406,matt,2
4322,strongly,2
731,rec,2
3840,blown,2
5405,inactivity,2
3839,£165billion,2
5404,holistic,2
4325,redundancy,2
3834,admitted,2
5491,vantagescore,2
743,kevin,2
4327,imagine,2
3830,annualcreditreport,2
5403,incorporating,2
5402,cachet,2
3828,transunion,2
3827,equifax,2
4013,prenuptial,2
4014,"""prenups""",2
3843,descend,2
4006,percentagebased,2
3873,richardson,2
4005,stark,2
5412,relentless,2
5411,unaffordable,2
3867,£321,2
3866,72,2
213,meat,2
3862,intelligence,2
3860,blamed,2
3859,deirdre,2
5409,describe,2
3857,rain,2
666,dorset,2
3855,gale,2
3854,disappointing,2
5408,retiremap,2
3853,fillip,2
3851,vouchercodescouk,2
3850,prediction,2
4004,ensures,2
3848,£268,2
749,suggesting,2
4017,famous,2
5498,played,2
4018,24yearolds,2
768,champion,2
3786,conference,2
5401,external,2
4026,prevalent,2
4027,tiger,2
4028,wood,2
4350,fafsa,2
4352,merit,2
4353,award,2
3778,pultegroup,2
3777,atlanta,2
3776,material,2
5527,thumb,2
5204,uninsured,2
4030,kidman,2
5203,rescue,2
5202,2013,2
3769,resulting,2
651,producing,2
3788,stuff,2
4024,suzanne,2
4346,jean,2
556,coffee,2
3819,mom,2
750,ageism,2
5501,judgment,2
3812,emotionally,2
5218,marshall,2
4020,heading,2
3809,creditcards,2
4021,onepoll,2
3807,ted,2
5517,quiz,2
665,watford,2
5216,patterson,2
3296,raw,2
5511,request,2
3798,moved,2
4023,llp,2
766,saga,2
5516,fellow,2
3871,sunday,2
3875,"""friday",2
4361,respective,2
5457,regret,2
5431,misunderstanding,2
5458,aggressively,2
5430,chicago,2
3929,25year,2
5459,tiaa,2
5460,cref,2
5461,setback,2
5462,aegon,2
5463,transamerica,2
3971,intermediary,2
5429,commonly,2
668,island,2
3974,£500,2
5428,dynamic,2
5466,ride,2
4308,reducing,2
693,inaccurate,2
3918,axa,2
5427,broadly,2
3931,54,2
5456,moore,2
3876,spite,2
5455,wanting,2
5443,arises,2
5438,wealthier,2
5444,evaporate,2
5445,inevitably,2
5446,overlook,2
5437,healthier,2
5447,problematic,2
5436,successfully,2
5448,enhance,2
5435,dramatically,2
3941,lowering,2
5450,optimizing,2
3959,transferred,2
5451,noncontributors,2
5433,medicine,2
5452,influencers,2
5453,reshape,2
5454,utilization,2
3966,disparity,2
5426,resonate,2
5425,hr,2
5424,impetus,2
5423,leap,2
5417,gratification,2
3892,maplin,2
5416,extract,2
3890,poundworld,2
3889,toy,2
3888,mike,2
3887,tycoon,2
5474,wild,2
5415,messaging,2
5414,commercial,2
3884,evans,2
3883,"itself""",2
3882,fulfil,2
3991,knight,2
3880,clickandcollect,2
667,shetland,2
3878,fuelled,2
3877,fulfilment,2
5413,exposed,2
3893,fashion,2
5418,frame,2
3985,contingent,2
3905,busiest,2
695,thrive,2
3911,actuary,2
3910,wesleyan,2
5422,scope,2
3908,ocean,2
3907,"crowds""",2
3906,brave,2
5421,broaden,2
142,midshires,2
3895,spencer,2
3904,"""itll",2
3903,snap,2
3902,flock,2
5419,macroeconomic,2
3900,"""super",2
3899,vouchercodes,2
3897,jimmy,2
3896,debenhams,2
5535,stream,2
4032,supreme,2
5355,integrated,2
3628,26,2
5621,"2016""",2
3622,licensed,2
5372,unimaginable,2
3619,whittaker,2
175,procedure,2
3615,obviously,2
5172,climbing,2
4433,bigmoney,2
4434,player,2
523,disposable,2
4089,safer,2
4436,talent,2
4437,foreignstock,2
4438,methodical,2
3602,shifted,2
5370,technological,2
178,arrange,2
3599,concerning,2
4440,"do""",2
829,compulsion,2
172,prompting,2
5596,carbon,2
5181,z,2
94,47,2
3664,html,2
3662,multimedia,2
3661,ameritechfinancial,2
3659,pride,2
3658,iapda,2
3657,arbitrator,2
4406,govuk,2
4407,websitehere,2
5603,thursday,2
4408,inbox,2
815,incur,2
5191,200000,2
5606,centskwh,2
4080,holm,2
3643,stretch,2
5376,delay,2
5375,inspire,2
5185,f,2
5368,perceived,2
3595,claire,2
5367,dictate,2
3593,approaching,2
5360,concludes,2
5656,flagging,2
3570,cadillac,2
3569,g80,2
3568,genesis,2
5657,unveiled,2
5658,"""food",2
5359,lengthened,2
88,239,2
4454,differentiates,2
615,quantity,2
3562,sick,2
3561,unlikely,2
3559,vaccinated,2
5661,and will,2
5662,minibudget,2
5663,announce,2
5357,focusing,2
5356,driver,2
4102,telecommunication,2
4101,staple,2
4100,looked,2
4447,probing,2
5366,globalization,2
5365,footprint,2
4442,calpers,2
4443,hire,2
5441,anymore,2
4445,grilling,2
4446,questionnaire,2
5647,climate,2
520,cibc,2
4453,unique,2
4449,aim,2
5363,competitiveness,2
838,unsecured,2
5652,announces,2
5361,evolve,2
4451,"edge""",2
3575,sedan,2
4452,`whats,2
4404,input,2
5379,columbus,2
4033,divorcing,2
5551,genuity,2
4050,hindsight,2
5397,rom,2
4373,thedepartment,2
4374,pensionsdwp,2
5396,numerous,2
3736,reit,2
4376,1948,2
5393,thorough,2
4378,"life""",2
5392,dialogue,2
4379,228,2
4380,336,2
5563,melbourne,2
3726,foreclosed,2
4381,inretirement,2
113,gamble,2
5567,discovered,2
3719,census,2
3718,occupied,2
3743,blackstone,2
5550,canaccord,2
4403,ageoption,2
4372,inretirementthan,2
5538,erosion,2
4035,bound,2
4037,nicolas,2
4038,granatino,2
4039,challenging,2
5540,heir,2
3758,adjusting,2
5400,internal,2
4041,katrin,2
4042,radmacher,2
4043,german,2
4367,lifestylemoney,2
4044,heiress,2
3753,valley,2
4045,clarity,2
546,library,2
5398,dvd,2
4371,pensionage,2
4049,clearly,2
3717,ore,2
4383,169,2
4303,newstart,2
3715,salt,2
5586,fpa,2
165,goodwill,2
5384,wake,2
3688,permit,2
3685,stem,2
3684,shortage,2
635,consolidating,2
5383,underestimation,2
4398,60yearsold,2
4399,scotland,2
5382,unaware,2
807,addictive,2
5589,yourmoney,2
5381,believing,2
808,pattern,2
4400,mostread,2
4401,yourstate,2
4402,ageor,2
3673,kidding,2
4397,qualification,2
230,pop,2
5583,brouwer,2
787,workforce,2
4384,2042,2
4385,sudden,2
4386,hasimplemented,2
3710,entry,2
4387,timetablefor,2
3708,strain,2
5390,insufficient,2
3706,bidding,2
5389,yielded,2
4395,governmenthas,2
538,buck,2
5574,taxing,2
5576,classified,2
5388,abounds,2
4391,forstate,2
4392,pensionand,2
5386,ink,2
4394,theuk,2
3297,howard,2
3453,cleaning,2
3295,tomorrow,2
2482,tollfree,2
2502,"legislation""",2
1516,$341,2
2500,"""hopes",2
2495,sarbanes,2
1524,sfus,2
1525,beedie,2
2489,routinely,2
2488,wouldnt,2
2487,noticeable,2
2486,educator,2
2483,individualized,2
1536,remarkable,2
2545,patio,2
1543,johnson,2
2474,moreinformed,2
1548,changer,2
2472,investigative,2
2470,supporter,2
2468,pending,2
1552,cooked,2
1553,burnaby,2
2465,"minimum""",2
2464,"""paying",2
2463,"""calculators""",2
1515,gifted,2
1511,englandbased,2
2505,license,2
2507,reprint,2
2543,standout,2
1473,easiest,2
1476,funneled,2
2540,bloom,2
2539,flower,2
1480,fundamental,2
2537,improves,2
2534,melted,2
2531,weather,2
2530,warmer,2
2529,renovation,2
1485,representation,2
2527,winter,2
1486,appealing,2
2525,jasper,2
1489,recalculated,2
1495,optimize,2
2518,chicagoland,2
2515,36,2
2514,34,2
1504,washpost,2
2512,onefifth,2
2510,poll,2
2462,"cards""",2
2461,"""credit",2
2460,youd,2
2417,chunk,2
1586,whenever,2
4842,depression,2
2410,tap,2
2409,spare,2
1589,figured,2
1590,philanthropy,2
4845,blood,2
2403,tdpromo,2
2402,featuring,2
2400,perform,2
1594,specifically,2
2398,handling,2
1596,deserving,2
2396,walk,2
1598,lgbtq,2
2394,publishing,2
1599,indigenous,2
2392,normally,2
2391,learnt,2
2389,existent,2
1601,socially,2
1602,metoo,2
2386,recapture,2
1584,invited,2
2419,roof,2
2459,$200,2
4839,separation,2
2458,$2775,2
1556,thanksgiving,2
2455,$676218,2
1558,wall,2
1562,turkey,2
1563,stuffing,2
2450,$7000,2
1566,philanthropic,2
2447,scary,2
1567,inspiration,2
2445,personalized,2
2444,requiring,2
1573,ethnic,2
1574,background,2
2437,ouch,2
1575,sleeping,2
1576,piled,2
6168,janachowski,2
1578,mattress,2
1579,hallway,2
6169,evenly,2
1581,rochester,2
1583,donated,2
2544,deck,2
2546,porch,2
1604,racial,2
2642,terminates,2
339,embarrassed,2
6143,mill,2
3294,boswell,2
2659,puzzle,2
2656,massive,2
4820,100000,2
4975,warning,2
6154,enjoyed,2
4973,besides,2
2644,threatens,2
1380,drawn,2
2641,shadforth,2
1472,smartest,2
2640,reallocated,2
2637,mar,2
4970,kantrowitz,2
2635,pel,2
2634,invests,2
2633,mid,2
2632,alleged,2
2631,timeline,2
2628,failed,2
2626,unpredictable,2
2623,arguably,2
2668,diminish,2
2671,gloomy,2
2672,alone,2
2676,follows,2
2720,incessant,2
2719,clinic,2
2718,dragged,2
1352,repay,2
2714,mentally,2
2713,burned,2
2712,physically,2
2711,worn,2
2710,35year,2
1354,comparison,2
2708,$4500,2
2707,nurse,2
1356,versus,2
6120,inclusive,2
1357,achievable,2
4793,usa,2
4794,editorial,2
4796,jobless,2
2692,engaging,2
6130,facilitate,2
347,renewal,2
4807,referral,2
6137,navigate,2
2622,enforcing,2
2616,realising,2
2615,bedroom,2
2580,defending,2
1434,beth,2
2575,incorrectly,2
1436,journalist,2
1440,cohort,2
1441,pew,2
1444,tackle,2
1454,irresponsible,2
2567,$800000,2
1457,graduation,2
1458,tuck,2
2564,suing,2
2562,"exclusive

a",2
2561,heartlandiowarealty,2
2560,ia,2
2559,newton,2
2557,rd,2
1463,accident,2
2555,springtime,2
2554,comparable,2
2553,matched,2
2552,comp,2
1464,bankrupt,2
1470,ignore,2
1433,touchtone,2
2581,deny,2
2614,exit,2
1431,twenty,2
1397,graham,2
2611,managed,2
2610,actively,2
4964,fraudulent,2
2608,presentation,2
2606,false,2
2605,label,2
2604,asic,2
1402,royally,2
2601,marketed,2
2598,mq,2
1416,rubik,2
1417,cube,2
1418,parenting,2
1420,graduating,2
2593,misleadingly,2
2592,misleading,2
1421,season,2
1423,aunt,2
1427,minted,2
2587,accreditation,2
1428,color,2
2584,sophisticated,2
2384,fighting,2
1606,protest,2
2722,palliative,2
1913,adversely,2
1891,taper,2
1892,pass,2
2137,brisk,2
2135,resistance,2
1898,agreeing,2
1900,extension,2
1901,interaction,2
2126,exposure,2
1907,modelling,2
1909,actuarial,2
1911,warner,2
1915,harmed,2
2186,globe,2
1916,submission,2
2118,expands,2
2117,discharged,2
1917,parliamentary,2
2115,repeat,2
2114,suffered,2
1919,examining,2
1920,draft,2
1926,rethink,2
1928,explicitly,2
1929,acknowledged,2
2141,produce,2
1887,blowing,2
1882,garcia,2
2146,undistributed,2
2179,diversify,2
2178,restructure,2
2177,aversion,2
2176,induced,2
2175,emigrated,2
2174,mt,2
2173,andrewallentuck,2
4949,postcard,2
2171,front,2
1840,checked,2
1841,selffunded,2
1843,middleincome,2
1845,claimed,2
1847,$24,2
1848,striking,2
1850,tightening,2
1853,coalition,2
1856,cementing,2
1858,parliament,2
2155,postponed,2
1871,assigns,2
2151,regarded,2
1879,aist,2
1931,coleman,2
1932,whitlam,2
2102,averters,2
2052,frustrated,2
4885,mild,2
1965,sally,2
1966,tindall,2
4886,ailment,2
320,app,2
1969,bet,2
2034,covington,2
2033,lenore,2
4894,exercise,2
1974,averaged,2
2025,viable,2
4896,treatment,2
2022,skilled,2
2020,occupancy,2
4924,calculation,2
1981,plain,2
4903,trauma,2
4904,substantially,2
2007,distress,2
1989,facility,2
316,lloyd,2
1992,notforprofit,2
1996,denville,2
2048,ethically,2
4881,enlarged,2
1935,pointstop,2
6223,dispatch,2
4864,45yearold,2
2098,$135000,2
2097,$730000,2
2096,adapting,2
2095,succeeded,2
2093,$90000,2
2092,$120000,2
2091,42,2
2090,abroad,2
1940,raising,2
2087,adapt,2
4947,deceptive,2
1942,finder,2
6206,louis,2
1947,virus,2
4938,scam,2
2066,documentation,2
4,confused,2
6219,authorized,2
1954,rba,2
2059,barber,2
4935,indication,2
2057,cincinnati,2
1830,task,2
4951,ranging,2
1607,reaction,2
2332,childhood,2
2344,sang,2
2343,shelf,2
2342,stocking,2
2341,wisely,2
1645,ft,2
1647,fe,2
1648,df,2
1649,bef,2
2336,grew,2
1651,unfathomably,2
2334,baptist,2
1657,mailto,2
2188,prevail,2
2326,rejoined,2
2325,regained,2
2323,battle,2
2321,protracted,2
2314,album,2
2313,80â€‰million,2
2311,classic,2
2310,navy,2
2309,macho,2
2308,dance,2
2307,cowrote,2
2345,church,2
2347,frenchman,2
1636,merged,2
2349,morali,2
1610,killing,2
2378,royalty,2
1611,murder,2
2375,struggled,2
1617,diversity,2
2373,completely,2
1619,initiative,2
1622,master,2
1625,shitima,2
2368,vindicated,2
1626,zambia,2
1628,nurture,2
2360,singing,2
2359,broadway,2
1633,vancouversun,2
2357,lyric,2
2356,christian,2
1634,sp,2
1635,mega,2
2353,walking,2
2352,developed,2
2351,belolo,2
2350,henri,2
2306,seventy,2
2305,formed,2
2302,singer,2
4958,bernstein,2
2234,plunged,2
1773,h,2
2231,disappearing,2
1775,restriction,2
2228,shake,2
1781,bn,2
2225,appliance,2
4853,therapist,2
2223,leverage,2
2222,goading,2
2213,surprisingly,2
2212,weak,2
2208,par,2
2207,chessen,2
1805,simplified,2
1806,sep,2
2201,sigh,2
2199,breathed,2
325,urging,2
2193,heightened,2
6196,internationally,2
2191,adjustablerate,2
2189,"years

will",2
2242,mcbride,2
2245,adjustable,2
2297,victor,2
2247,thereafter,2
2296,gmt,2
2295,et,2
2293,newswires,2
2292,dowjones,2
2291,asknewswires,2
2288,marketwatch,2
2287,stash,2
2285,federally,2
2284,nickel,2
2278,refers,2
2276,woolsey,2
2272,reset,2
2267,slapped,2
2266,blessing,2
2264,slipped,2
2263,stood,2
2260,modestly,2
2259,fmcc,2
2258,mac,2
2257,freddie,2
4847,39,2
2250,ditto,2
2249,interval,2
4789,rus,2
4271,flat,2
2723,dying,2
3056,duplex,2
3046,learned,2
5968,caplen,2
3039,drank,2
3037,ignored,2
1167,daytoday,2
1171,squeeze,2
1176,scandal,2
4670,anywhere,2
4671,connection,2
1181,debate,2
3023,cloud,2
5081,rejected,2
1185,watchdog,2
1196,sharper,2
1197,launching,2
4677,diversified,2
4682,cim,2
2981,scaled,2
2979,voucher,2
4683,tridelta,2
1220,perk,2
416,mental,2
3058,lowincome,2
2724,infection,2
5959,adopted,2
3095,shes,2
5933,stupidly,2
5934,em,2
5935,injected,2
5936,precisely,2
5937,injection,2
5939,renegotiate,2
246,nick,2
5941,freelance,2
5942,theguardian,2
247,carroll,2
5944,over65s,2
3073,shed,2
5949,intestacy,2
4648,volatile,2
1144,etc,2
5951,valid,2
3066,theyve,2
5954,serve,2
4652,"inflation""",2
4654,performed,2
260,popularity,2
2970,belong,2
5931,lent,2
6004,ringfenced,2
2924,2011,2
6010,organisation,2
5063,switching,2
415,discriminating,2
5061,hounsell,2
2914,statistical,2
2913,winstonsalem,2
4704,base,2
6018,appalled,2
407,independence,2
6021,bh,2
4708,cope,2
2903,enrolment,2
6027,lehman,2
2896,"""multijobbers""",2
2895,hardworking,2
2894,"retire""",2
6033,plc,2
6034,principal,2
4717,ended,2
2883,glancy,2
2927,primarily,2
2935,listed,2
4686,attendance,2
2936,greensboro,2
5073,middletown,2
5995,ppf,2
1229,simplifying,2
2962,odds,2
2960,junior,2
2956,mum,2
2955,untouched,2
2954,â€œlanguishâ€,2
2953,â£92billion,2
2952,eyewatering,2
2951,"18

an",2
2950,â£9000,2
5998,failure,2
4691,"""there",2
2943,cary,2
2942,raleigh,2
2941,chapel,2
2940,durham,2
5068,respond,2
2938,gastonia,2
2937,charlotte,2
5932,â£240000,2
5930,"contract

q",2
5050,hang,2
3260,practical,2
4560,personally,2
3257,conclusion,2
984,wear,2
4561,dealt,2
4562,behalf,2
5843,kiplinger,2
3251,concluded,2
4563,strengthen,2
3249,relating,2
3248,resolution,2
4565,stopping,2
5847,"""you",2
3244,acted,2
3243,dealing,2
3242,consent,2
4566,httpsfinancialserviceshousegovnewsdocumentsingleaspxdocumentid=404289,2
5154,petrovich,2
3239,evidence,2
54,moneyfacts,2
3231,neither,2
451,hinted,2
463,centin,2
4558,panel,2
4573,preretirement,2
4556,pleased,2
3293,gary,2
3292,newborn,2
3290,chose,2
5827,declared,2
3288,walked,2
965,heavily,2
3282,lucky,2
3281,ed,2
3280,op,2
3279,privatization,2
4551,undermined,2
4552,ombudsman,2
3276,"sam

to",2
3275,mondaq,2
5831,alimony,2
3273,cgw,2
3271,fax,2
3270,tel,2
5833,ex,2
3267,scott,2
4554,investigated,2
1002,establishing,2
3224,bernard,2
42,enjoying,2
4605,accordingly,2
3156,grab,2
5124,fargo,2
5122,station,2
427,repaying,2
5121,gasoline,2
3141,shortfall,2
1096,diversification,2
3136,haircut,2
3135,advises,2
4272,taxi,2
1109,allocate,2
3127,burn,2
5916,airbags,2
3120,wind,2
3118,filed,2
3117,severance,2
4632,amortization,2
3110,assumed,2
3109,cobourg,2
4634,climb,2
421,denied,2
49,90,2
3164,morea,2
1004,possibly,2
5890,boat,2
450,truss,2
1027,capture,2
449,liz,2
5146,introduce,2
5867,convertible,2
5143,township,2
5870,admits,2
1045,oriented,2
3192,honour,2
3191,obliged,2
1046,domestic,2
4590,distorted,2
3185,rob,2
4594,theyd,2
5136,sheriff,2
441,â£200,2
3178,mainstream,2
3177,withdrew,2
440,tomore,2
3174,buytolet,2
3166,notice,2
5051,compensation,2
2972,topped,2
2880,historically,2
2747,pushing,2
1342,keith,2
365,ending,2
2790,brown,2
4787,marital,2
5005,corp,2
5024,beginning,2
373,ideally,2
2834,miami,2
2763,delaying,2
4781,recommended,2
6108,caring,2
1344,hughes,2
2745,maxed,2
6100,addressed,2
2786,itâ€™s,2
2840,cambridge,2
2785,star,2
2842,mass,2
2743,sensible,2
2845,tech,2
4755,hypothetical,2
2792,25,2
2740,reduces,2
2753,preserved,2
2809,angeles,2
268,lowman,2
5000,nwaigwe,2
2759,eroded,2
6081,nous,2
6080,laurence,2
6079,brotherhood,2
5011,settle,2
2755,rrif,2
2821,alexandria,2
6075,matureage,2
2798,homeownership,2
2797,hardest,2
5009,recruiting,2
2822,va,2
4785,prescribed,2
2772,allentuck,2
2795,identified,2
4757,drug,2
2824,resilient,2
2742,accept,2
2744,compiling,2
2738,sicker,2
2734,nearby,2
2733,mother,2
2732,refuge,2
397,brit,2
4733,ssr,2
2768,basement,2
2731,hazelnut,2
2769,maintenance,2
2778,grooming,2
2730,cottonwood,2
2729,neighbourhood,2
1280,naturally,2
2728,draining,2
2727,profoundly,2
1277,hoped,2
2777,clothes,2
6104,eviction,2
2726,wound,2
2775,snapshot,2
2725,diabetic,2
2875,62,2
1275,shareholder,2
2780,misc,2
4732,alleviate,2
2804,portland,2
2736,exhausted,2
2852,project,2
5034,settling,2
2767,privilege,2
2737,toll,2
2735,understandably,2
4721,victorian,2
4950,guaranteeing,1
5162,herbert,1
5132,monmouth,1
5134,mailed,1
5156,stalling,1
4978,flyer,1
4972,combat,1
5155,preservation,1
4977,bookmark,1
5141,novadebt,1
4971,operate,1
5210,"story""",1
5215,"before""",1
5142,freehold,1
5001,baltimore,1
5127,diagnosed,1
5144,hosted,1
5145,bush,1
5129,stuck,1
5128,topple,1
5133,bid,1
5159,ramp,1
5164,bakery,1
5130,tabbed,1
5137,originated,1
5160,efficiently,1
5138,regrettably,1
5212,"coloradan""",1
5211,"""congress",1
5213,signup,1
5165,franchise,1
5147,endorsed,1
5217,"""while",1
4976,distribute,1
5158,escaped,1
5214,smoother,1
5139,joel,1
5161,senate,1
5157,unwilling,1
5163,allison,1
5002,alan,1
5131,mediator,1
4997,outrageous,1
4999,sunrise,1
5249,splash,1
4994,rejection,1
5252,tonight,1
4927,pregnant,1
4928,twin,1
5250,luckily,1
298,hm,1
4930,minor,1
5148,alleviating,1
4931,tweak,1
5248,buzzword,1
5195,colotoday,1
4993,expired,1
5197,applauded,1
4992,seydel,1
5253,confusing,1
4995,lewis,1
5254,scroll,1
315,myrtle,1
5257,palming,1
4923,catholic,1
4922,servant,1
5258,fad,1
4921,scientist,1
4920,ie,1
5259,folate,1
4919,confirm,1
4996,locate,1
4916,presuming,1
4915,chartered,1
4914,lowry,1
5260,vitamin,1
4991,janet,1
4990,plantation,1
4989,cited,1
5206,16,1
4979,poster,1
5241,ontrend,1
5149,layoff,1
4981,testing,1
5150,voluntary,1
4998,freeze,1
4983,aptitude,1
5194,dco,1
5207,2022,1
5152,observer,1
4948,"typically
mailed",1
4984,clue,1
5153,wade,1
4985,assertion,1
5205,boulder,1
274,323000,1
4986,unclaimed,1
4946,"and
forbidding",1
4945,obtained,1
4987,legitimate,1
283,"month

more",1
4943,"$10
million",1
4942,bilking,1
4941,"individual
for",1
284,300000,1
4939,"federal
trade",1
5201,18000,1
4937,crackdown,1
4936,partial,1
5200,198412,1
5126,disarray,1
5115,enclave,1
5125,thrown,1
4961,contained,1
5183,bb,1
5182,guim,1
5072,"writer

their",1
5029,forgive,1
5180,generates,1
5071,pine,1
5030,briefly,1
5178,incomplete,1
4960,"sources
which",1
5177,factored,1
5031,campus,1
5176,worryingly,1
5070,telegram,1
5175,assumes,1
5069,individually,1
5184,abe,1
5028,chat,1
5186,ac,1
5233,8557526749,1
5231,virtually,1
5023,orientation,1
5082,nowhere,1
5232,connectforhealthcocom,1
5080,mediation,1
5190,cheer,1
5079,rework,1
5027,archive,1
5078,convince,1
5077,sworn,1
5076,umpteenth,1
5026,placement,1
5188,jpghistorically,1
5187,dba,1
5174,summit,1
5033,helm,1
4952,"from
$10",1
4962,erroneous,1
5042,classroom,1
5059,fault,1
5043,thorn,1
5058,ton,1
5057,downsizing,1
5044,tie,1
5045,ment,1
5046,$22000,1
5056,unplanned,1
5055,vested,1
5054,loses,1
5053,apparent,1
5052,readily,1
5047,$63000,1
5048,hopper,1
5041,employ,1
5040,hovering,1
5235,femail,1
5066,cruz,1
5173,â£445000,1
5035,operator,1
5036,brand,1
5171,â£260000,1
5170,"income
the",1
5169,mdiamond,1
5168,diamond,1
5234,httpswwwhickenloopersenategovpressreleaseshickenloopercheersrecord200000coloradansenrolledforhealthinsurancewithconnectforhealth,1
5065,humberto,1
5037,argosy,1
5064,appreciate,1
5038,mackie,1
5039,dark,1
5060,cindy,1
5230,signing,1
5083,lifeline,1
5084,touted,1
5085,uncertainty,1
4957,jodie,1
5112,silkensen,1
5111,ryan,1
5221,"like""",1
5110,lisa,1
5222,bennet,1
5109,speculate,1
4959,"protection
director",1
4967,desperate,1
4966,marketer,1
5108,stabilization,1
5107,luck,1
5106,delinquent,1
5167,longest,1
5105,seriously,1
5114,wooded,1
4968,dallas,1
5004,pittsburgh,1
4953,$299,1
5123,lakewood,1
5219,"need""",1
5120,planned,1
5119,refinanced,1
5166,fledgling,1
5003,braverman,1
5220,progress,1
5116,named,1
4954,$1000,1
4955,$2000,1
4956,"college
scholarship",1
5118,appraised,1
4969,martin,1
5117,bird,1
4965,favorite,1
5007,$100,1
5008,transparency,1
5091,frustration,1
5020,admission,1
5094,rutgers,1
5021,guilt,1
5093,sand,1
5022,contain,1
5092,shoveling,1
5090,causing,1
5018,concurrently,1
5089,distressed,1
5227,expertscertified,1
5088,prod,1
5086,prompted,1
5228,communitybased,1
5229,assisters,1
5095,joseph,1
5096,seneca,1
5223,grateful,1
5013,pittsburghbased,1
5224,60day,1
5104,dent,1
5010,prosecutor,1
5012,allegation,1
5225,chp+,1
5226,yearround,1
5101,intervened,1
5097,feed,1
5100,sparked,1
5099,defaulted,1
5014,forprofit,1
5015,broke,1
5016,recruiter,1
5239,oftenoverlooked,1
5209,prove,1
1994,saint,1
5261,iceberg,1
6015,regulated,1
6006,calamity,1
6008,bailout,1
6009,guess,1
6011,callcentre,1
6012,hotshot,1
6013,jockey,1
6014,unbelievably,1
6016,reliable,1
6002,carve,1
6017,conceive,1
6019,fox,1
6020,industrial,1
6022,totally,1
6023,dismayed,1
6024,prosper,1
6025,halfcentury,1
6005,liquidity,1
6001,advising,1
6028,brother,1
5988,"""goldplated""",1
5981,misery,1
5982,rocket,1
5983,journalistic,1
5984,plead,1
5985,guilty,1
5986,describing,1
5987,"""guaranteed""",1
5990,collapse,1
6000,designing,1
5991,icy,1
5992,29000,1
5993,16000,1
5994,inflationproofing,1
5996,goldplated,1
5997,rash,1
5999,rare,1
6026,honoured,1
6029,bear,1
5979,unbiasedcouk,1
6060,speculative,1
6053,object,1
6054,bungle,1
6055,glitch,1
6056,cumbersome,1
6057,proving,1
6058,nearimpossible,1
6059,snail,1
6061,beast,1
6051,mayhem,1
6062,revived,1
6063,corpse,1
6064,goodness,1
6065,sake,1
6066,remained,1
6067,ticked,1
6068,approval,1
6052,wishing,1
6050,enforce,1
6030,stearns,1
6040,bizarrely,1
6031,baring,1
6032,obfuscated,1
6035,disingenuous,1
6036,literally,1
6037,ringfence,1
6038,shakier,1
6039,buyout,1
6041,insisting,1
6049,writedown,1
6042,lashing,1
6043,breathing,1
6044,slashed,1
6045,mitigation,1
6046,seize,1
6047,fudge,1
6048,pledged,1
5980,ukip,1
5978,solicitorslawsocietyorguk,1
6070,approving,1
5909,sayles,1
5902,"""housing",1
5903,mucked,1
5904,"up""",1
5905,dan,1
5906,fuss,1
5907,topperforming,1
5908,loomis,1
5910,ad,1
5900,figuring,1
5911,"view""",1
5912,snag,1
5913,tweaked,1
5914,improvement,1
5915,downward,1
5917,navigation,1
5918,revision,1
5901,oddly,1
5899,2003,1
5920,poorer,1
5887,"quickly""",1
5880,hotel,1
5881,loosening,1
5882,purse,1
5883,string,1
5884,stint,1
5885,qe,1
5886,ii,1
5888,fondness,1
5898,critic,1
5889,sailboat,1
5891,honeymoon,1
5892,pact,1
5893,sea,1
5895,suffer,1
5896,foremost,1
5897,lowballs,1
5919,deteriorating,1
5921,overboard,1
5977,specialises,1
5967,"will""",1
5960,deceased,1
5961,subsequently,1
5962,pleasing,1
5963,"estate""",1
5964,warns,1
5965,antoniou,1
5966,cl,1
5969,unheeded,1
5957,descendant,1
5970,"out""",1
5971,willwriter,1
5972,distinguish,1
5973,unregulated,1
5974,untrained,1
5975,specialise,1
5976,"area""",1
5958,unmarried,1
5956,maintaining,1
5922,"down""",1
33,ap,1
5923,leuthold,1
5924,lowball,1
5925,inflationprotected,1
5926,pegged,1
5927,evermorecostly,1
5928,grain,1
41,weve,1
5943,apathy,1
5955,timely,1
5945,[getty,1
5946,posed,1
5947,model],1
5948,cooperative,1
5950,decree,1
5952,1925,1
5953,simplify,1
6069,thornton,1
6071,restructuring,1
5878,devote,1
6199,camping,1
6191,airfare,1
6192,dining,1
6193,creative,1
6194,compromise,1
6195,traveled,1
6197,hunting,1
6198,fishing,1
6200,hankering,1
6189,strongsville,1
6201,footed,1
6202,destination,1
6203,camper,1
6204,munk,1
6205,orange,1
6207,â€¢,1
6208,fireman,1
6190,traveling,1
6188,fidato,1
6210,$2400,1
6177,slack,1
6167,afloat,1
6170,tricky,1
6171,coordinate,1
6172,differ,1
6173,reconsider,1
6175,northwestern,1
6176,minneapolis,1
6178,burdened,1
6186,occur,1
6179,deplete,1
6180,severely,1
6181,advisable,1
6182,earmarked,1
6183,survivor,1
6184,homebody,1
6185,divvy,1
6209,$40000,1
6211,$6000,1
6165,shared,1
6248,revealing,1
6240,replenished,1
6241,slender,1
6242,administer,1
6243,creation,1
6245,len,1
6246,wiesehan,1
6247,scrutiny,1
6249,misuse,1
6238,partially,1
6250,rubber,1
6251,stamped,1
6252,markedly,1
6253,injured,1
6254,moreover,1
6255,lengthy,1
6256,unclear,1
6239,marked,1
6237,galling,1
6213,susan,1
6225,max,1
6214,degunia,1
6215,marilyn,1
6216,vicky,1
6220,hide,1
6221,outraged,1
6222,salaried,1
6224,missouri,1
6226,stipulation,1
6235,jeff,1
6227,immediately,1
6228,discrepancy,1
6229,bristled,1
6230,criticism,1
6231,fortunate,1
6232,inquired,1
6233,francis,1
6166,equally,1
6164,discussion,1
6072,lie,1
6109,disproportionally,1
6098,queensland,1
6099,army,1
6101,exacerbated,1
6103,moratorium,1
6105,ease,1
6106,flawed,1
6107,intersectional,1
6110,refugee,1
6096,enhancement,1
6111,migrant,1
6112,aboriginal,1
6113,torres,1
6114,strait,1
6115,islander,1
6116,stigma,1
6117,aftermath,1
6097,visitor,1
6095,reliance,1
6119,involuntary,1
6084,sight,1
6073,patrick,1
6074,hosking,1
6076,precarious,1
6077,insecure,1
6078,unstable,1
6082,shine,1
6083,hidden,1
6085,compounding,1
6094,shunting,1
6086,vulnerability,1
6087,entrenching,1
6089,comprise,1
6090,crack,1
6091,livelihood,1
6092,threatened,1
6093,risking,1
6118,upskilling,1
6121,retention,1
6163,reliant,1
6153,drawingdown,1
6146,ng,1
6147,consultancy,1
6148,pose,1
6149,rethinking,1
6150,preserve,1
6151,desire,1
6152,accustomed,1
6155,unequal,1
6144,ageing,1
6156,communicate,1
6157,conflicting,1
6158,disagreement,1
6159,unpleasant,1
6160,tamra,1
6161,stern,1
6162,sausalito,1
6145,suyin,1
6142,amber,1
6122,demonstrating,1
6131,collaboration,1
6123,collaborative,1
6124,equipped,1
6125,distinct,1
6126,subsistence,1
6127,cra,1
6128,tenure,1
6129,enabling,1
6132,sustained,1
6141,privacy,1
6133,insecurity,1
6134,homelessness,1
6135,block,1
6136,coordination,1
6138,minimise,1
6139,substantive,1
6140,composite,1
5879,gained,1
5877,parttime,1
5262,lettuce,1
5565,keen,1
5556,impediment,1
5557,"must

i",1
5558,rsas,1
5559,rollover,1
5560,ato,1
5561,proceeding,1
5564,battling,1
5568,worthwhile,1
5553,wwwreynoldsinglisca,1
5569,unintended,1
5570,rewarded,1
5571,disposal,1
5572,liable,1
5573,eg,1
5575,calendar,1
5577,sga,1
5554,transferring,1
5549,aifp,1
5579,complying,1
5537,guard,1
5529,vettese,1
5530,morneau,1
5531,shepell,1
5532,nears,1
5533,translates,1
5534,weighting,1
5536,dividendpaying,1
5539,enters,1
5548,fcsi,1
5541,competent,1
5542,angst,1
5543,unattainable,1
5544,motivated,1
5545,kim,1
5546,inglis,1
5547,pfp,1
5578,amended,1
107,certainty,1
5526,influenced,1
5619,192,1
5612,availability,1
5613,"""over",1
5614,weighted,1
5615,generator,1
5616,$258mmbtu,1
5617,"2015""",1
5618,2014,1
5620,"""improved",1
5610,19,1
5622,uptick,1
5623,2h2016,1
5624,1h2016,1
5625,upward,1
5627,consequently,1
5628,3,1
5629,"""not",1
5611,ratepayer,1
5609,nominal,1
5581,visa,1
5592,heraldsun,1
5582,lodge,1
5584,outlookfs,1
5585,abbreviated,1
5587,asn,1
5588,herald,1
5590,po,1
5591,mc,1
5594,natgas,1
5608,2002,1
5598,gasfired,1
5600,trending,1
5601,"""today",1
5602,"energy""",1
5604,"""residential",1
5605,124,1
5607,07,1
5528,fred,1
5525,"money""",1
5631,petroleum,1
179,reclaimed,1
5294,lacking,1
5295,powder,1
5296,wholefoods,1
5297,homemade,1
5298,kimchi,1
5299,pair,1
5301,hype,1
164,gesture,1
5292,sheridan,1
151,burnley,1
150,jl,1
144,95,1
140,impossible,1
5467,"graduates

*",1
5468,â£49310,1
126,virginiawallisfreelance@theguardiancom,1
5293,merrick,1
5291,faye,1
5475,arise,1
5277,cholesterol,1
5266,iron,1
5267,realise,1
5268,blend,1
5270,chewing,1
5274,title,1
5275,cooking,1
5276,itll,1
5279,canola,1
5290,fitness,1
5280,bran,1
5283,hydrating,1
5284,[it,1
5285,has],1
5286,magnesium,1
5287,potassium,1
5288,phosphate,1
5473,fluctuating,1
5476,operation,1
5524,"""ill",1
5513,entitles,1
5504,element,1
5505,cellular,1
5506,boring,1
5508,accuracy,1
5509,error,1
5510,drag,1
5512,apps,1
5514,stephen,1
5502,collection,1
5515,brobeck,1
5518,alongside,1
5519,jayakumar,1
5520,nerdwallet,1
5521,rbc,1
5522,32,1
5523,futility,1
5503,misunderstand,1
5500,lien,1
5478,reading,1
5486,reflecting,1
5479,implies,1
5480,vastly,1
5481,legitimately,1
5482,dfe,1
5483,uncapped,1
5484,redistribution,1
5485,waltmann,1
5487,adjust,1
5499,bump,1
5488,operates,1
5489,spike,1
5490,scoring,1
5492,era,1
5493,plentiful,1
5494,surprising,1
5496,rod,1
5630,"markets""",1
5632,generating,1
5876,entrepreneur,1
5818,financed,1
5809,dynasty,1
5810,hycet,1
5811,vitally,1
5812,brief,1
5813,summary,1
5815,depreciable,1
5817,wherein,1
5819,fringe,1
5807,appreciating,1
5821,indefinite,1
5822,carryforward,1
5823,carryback,1
5824,casualty,1
5825,restricted,1
5826,presidentially,1
5828,reversing,1
5808,flexible,1
5806,illinois,1
5830,homeschooling,1
5795,revisit,1
5787,architect,1
5788,engineer,1
5789,exempted,1
5790,exceeding,1
5792,llcs,1
5793,proprietorship,1
5794,normal,1
5796,operated,1
5805,stepped,1
5797,evaluate,1
5798,pro,1
5799,con,1
5800,entity,1
5802,standing,1
5803,remove,1
5804,minimizing,1
5829,characterizing,1
5832,payor,1
5785,instituted,1
5865,ford,1
5858,taker,1
5859,"off""",1
5860,oldfashioned,1
5861,frugality,1
5862,10yearold,1
5863,"$10000""",1
5864,love,1
5866,capri,1
5856,sydney,1
5868,saab,1
5869,"assets""",1
5871,lived,1
5872,"her""",1
5873,"at""",1
5874,"""id",1
5875,"together""",1
5857,supportive,1
5855,mainly,1
5834,inclusion,1
5842,compliance,1
5835,instrument,1
5836,executed,1
5837,dangerously,1
5838,weaken,1
5839,undone,1
5840,predictably,1
5841,suppressed,1
5844,sec,1
5854,"research""",1
5845,finra,1
5846,milliondollar,1
5848,"likeminded""",1
5849,confides,1
5850,leonard,1
5852,"""two",1
5853,backup,1
55,339,1
5784,decoupled,1
5633,"""and",1
5716,"nothing""",1
80,£999,1
5708,roundup,1
5710,"""people",1
5711,surprised,1
5713,"""medicare",1
5714,needlessly,1
5715,paralyzed,1
5717,7,1
89,249,1
5718,"""terrific",1
5719,"over""",1
5720,defuse,1
5721,bomb,1
5723,reverse,1
5724,taxdeductible,1
5725,markettime,1
84,youll,1
90,loughborough,1
5729,fool,1
5642,dioxide,1
5634,crude,1
5635,overtook,1
5636,coal,1
5637,2015,1
5639,2,1
5640,stack,1
5641,greenhouse,1
5643,defended,1
93,46,1
5644,unconventional,1
5645,shale,1
5646,addressing,1
5648,4,1
5649,javascript,1
5650,enabled,1
5651,180,1
5728,motley,1
5731,"that""",1
5783,exploring,1
5772,tiny,1
5762,itemize,1
5763,donor,1
5765,consult,1
5766,repeal,1
5767,gst,1
5768,unified,1
5770,unused,1
5773,destroy,1
5759,accelerate,1
5775,barring,1
5776,congressional,1
5777,doubled,1
5778,canceling,1
5780,irrevocable,1
5781,ilits,1
5782,dynastic,1
5761,appreciated,1
5758,mitigate,1
5732,"""youve",1
5743,1986,1
4912,bryant,1
5734,"half""",1
5736,cnbc,1
5737,"""about",1
5738,sophistication,1
5740,"on""",1
5741,dust,1
5745,voluminous,1
5757,sizable,1
5746,advisability,1
5747,greatest,1
5748,eliminates,1
60,379,1
5751,allowable,1
5753,grandfathered,1
5756,deducting,1
4913,johanna,1
4126,weapon,1
4911,seymour,1
3336,colourful,1
3324,layered,1
3327,gbp,1
949,teaching,1
3329,unlocked,1
3331,relatable,1
3333,tailored,1
3334,enable,1
3335,informed,1
3338,pressrelease,1
800,spree,1
3339,lasting,1
3340,milwaukee,1
3342,2012,1
946,waned,1
3344,rare1,1
3346,ebri,1
940,dole,1
3349,56,1
950,compound,1
953,garry,1
3321,triumph,1
954,marr,1
976,wrinkle,1
974,emphasis,1
3266,arising,1
3268,bartlem,1
3269,qld,1
3274,url,1
969,potion,1
968,lotion,1
967,antiaging,1
963,savell,1
962,taris,1
961,nationalpost,1
960,gmarr,1
959,educating,1
3314,byron,1
3316,ons,1
3318,"britainâ€¦

â€œpension",1
3350,outliving,1
933,speaks,1
3355,"investments""",1
3386,+13124616543,1
3389,httpwwwbmoharriscom,1
3390,httpwwwharrisbankcom,1
3392,hesson,1
913,sheila,1
3394,threeyearold,1
910,uneducated,1
3399,schooling,1
3400,shareshill,1
3401,staffordshire,1
907,spawned,1
3405,redirect,1
3406,nursery,1
905,debit,1
3413,"""pet",1
902,tactile,1
3416,attempt,1
3417,enforced,1
3387,vanessa1hall@harrisbankcom,1
3384,vanessa,1
3356,dean,1
3383,affiliated,1
3357,urbanski,1
930,western,1
927,ivey,1
3362,outlive,1
3363,unnecessarily,1
3366,confer,1
3367,timeframe,1
3369,"""whatever",1
3370,"terms""",1
3371,wwwbmoharriscomfinancialadvisors,1
3373,"""prevalence",1
3376,"2011""",1
3378,finrasipc,1
3379,secregistered,1
3380,fdic,1
919,lifelong,1
3382,na,1
977,appearing,1
3262,maintained,1
3259,drafted,1
1088,designation,1
3152,ralph,1
3153,mercedes,1
3155,budgeting,1
3157,flood,1
1081,catastrophe,1
1080,injury,1
3160,competitively,1
3161,disappear,1
3162,encouraging,1
1065,allocated,1
3167,ring,1
3169,expire,1
3170,570,1
3173,nottingham,1
3175,threeyear,1
3176,bromwich,1
3179,darlington,1
3150,reinvested,1
3147,topping,1
3181,£799,1
3146,regulates,1
3113,"bank""",1
1125,acquire,1
3116,cancel,1
3121,slap,1
1120,intent,1
3124,mccreath,1
1116,efficiency,1
3126,nesbitt,1
3128,calgary,1
3130,sharpen,1
3131,pencil,1
3132,unfunded,1
3134,salgado,1
3142,underfunded,1
3143,suspend,1
3144,restructures,1
1093,reflected,1
3180,skipton,1
3183,hsbc,1
3258,imperative,1
1018,distance,1
3220,exclude,1
3225,famca,1
996,identical,1
3229,deciding,1
3232,argued,1
3233,indirectthe,1
3236,demonstrates,1
989,recognized,1
988,pensacola,1
3241,indirectly,1
987,jordan,1
3246,puppet,1
3247,accordance,1
986,donna,1
3252,indirect,1
985,tear,1
3254,discretionary,1
1008,boundary,1
3214,withdrawing,1
3184,jacked,1
3211,deteriorated,1
3186,clifford,1
3187,mortgageforce,1
3188,cautioned,1
1051,tolerance,1
3193,elect,1
3194,castiron,1
3198,ration,1
3199,575,1
3200,525,1
1041,directive,1
3203,hitting,1
3204,monetary,1
3205,overvalued,1
1035,utilize,1
3208,sharply,1
3209,philip,1
3210,shaw,1
3421,considerably,1
3423,bicester,1
3424,oxfordshire,1
3585,offspring,1
837,incurring,1
836,solvency,1
3590,expecting,1
3591,shrink,1
3592,opinium,1
3596,trott,1
3598,kindness,1
3600,eroding,1
3601,fundamentally,1
3603,simplification,1
3605,21,1
3606,intention,1
3607,loaned,1
3608,inner,1
3609,location,1
3610,refurbishment,1
833,alcoholic,1
3586,chip,1
3584,sandwich,1
3613,geared,1
3582,â£50000,1
3548,idaho,1
3549,emerging,1
842,obvious,1
3553,heard,1
3556,realestate,1
3557,brace,1
3558,mask,1
3563,victoria,1
3564,clinical,1
3566,stanford,1
3567,pediatrician,1
3571,ct5which,1
3573,newcomer,1
3574,luxury,1
3576,ct5,1
3578,compact,1
3580,nearing,1
3612,positively,1
831,addicted,1
3545,traversed,1
817,compulsive,1
3650,forgiveness,1
813,mismanage,1
3652,freedom,1
3655,afslr,1
3663,encourages,1
3665,yorklos,1
3666,proximity,1
3667,alison,1
811,addiction,1
3670,28yearold,1
3671,stiff,1
3672,entrylevel,1
3674,fend,1
3675,bidder,1
3676,square,1
3678,neighborhood,1
3681,stymied,1
816,compulsively,1
3645,handled,1
3616,venture,1
3640,"success""",1
3618,noel,1
3620,macnaught,1
3621,pty,1
3623,dealer,1
3624,noelwhit,1
3625,gil,1
826,savvy,1
825,addict,1
824,simplest,1
823,disorder,1
822,watcher,1
3633,reminds,1
3634,"""student",1
3635,burdensome,1
3636,"thing""",1
3638,"""but",1
3639,hinder,1
3546,rocky,1
843,reckless,1
900,consisting,1
3457,£240m,1
3459,repayable,1
3460,karolina,1
3461,misiukiewicz,1
3462,elliot,1
3463,oliver,1
3464,gerbil,1
3465,"fish""",1
3467,advert,1
3468,rightmove,1
3469,zoopla,1
3470,refusing,1
3473,veterinary,1
3474,pdsa,1
3475,privately,1
3476,reaching,1
3477,16m,1
3478,english,1
3458,£150,1
3456,2019,1
890,everybody,1
3452,banned,1
3426,£40,1
3428,£995,1
3429,occupant,1
3432,£1400,1
3434,"""fourlegged",1
3435,"friends""",1
3437,fish,1
3440,"""clawed""",1
3442,"agreements""",1
3443,darren,1
3444,baxter,1
3445,cocker,1
3446,spaniel,1
3447,padfoot,1
3448,exorbitant,1
3449,reference,1
3450,"ridiculous""",1
891,stayed,1
888,worksheet,1
3542,medianpriced,1
3516,$128k,1
3518,$80k,1
3519,nissan,1
3520,gtr,1
3521,41,1
3522,garage,1
3523,pursue,1
850,gerri,1
3525,"retirement""",1
3526,padding,1
3528,13,1
3529,claiming,1
846,conquer,1
3535,proplanet,1
3537,complain,1
3538,deliberate,1
3540,"""sustainable""",1
3541,$35000,1
3517,$22k,1
3515,$11m,1
886,wallet,1
3514,executor,1
885,tearing,1
882,conquering,1
879,silly,1
878,thaw,1
876,freezer,1
871,ice,1
869,interviewed,1
867,temptation,1
3502,congratulation,1
3503,finishing,1
3504,firstever,1
3505,mlamagna@marketwatchcom,1
3506,esnow@marketwatchcom,1
3507,taxadvantaged,1
3508,efficient,1
3510,posted,1
858,mindset,1
3112,"""money",1
3108,64yearold,1
3107,insolvency,1
2652,campaigner,1
2655,inequality,1
2657,lesser,1
1365,andy,1
2660,shy,1
2661,diligent,1
2663,stashed,1
2664,ruinous,1
2665,erodes,1
2666,humble,1
1364,smile,1
1363,mini,1
2670,apology,1
2673,widowed,1
2675,gloomier,1
2677,widest,1
2678,differential,1
2679,europe,1
2654,footing,1
1367,uncertain,1
2681,widened,1
2648,ceiling,1
2422,aldermore,1
2425,nots,1
2426,unsurprising,1
2429,outright,1
2432,knock,1
1398,turner,1
1395,shedden,1
1394,juliet,1
1393,interview,1
1392,fsc,1
1391,cochran,1
1389,helpline,1
1385,multisa,1
1384,skandia,1
1381,selecting,1
1373,maxi,1
2647,glass,1
2680,differently,1
2683,baffling,1
2418,reassuring,1
1337,clearing,1
1332,"is
probable",1
1330,likelihood,1
1327,"and
unless",1
1325,"expensive
ways",1
1324,"attitude
to",1
1322,depend,1
1318,timescale,1
1317,"a
fiveyear",1
1316,"a
depressed",1
2787,stringent,1
2788,underwriting,1
2789,lowerpriced,1
1313,"borrow
it",1
1311,"certain
of",1
2796,toughest,1
2799,â€”amy,1
2800,"hoak

10",1
1335,strive,1
1338,instant,1
2684,jargon,1
1341,maximise,1
2685,masculinity,1
2686,elitism,1
2689,sadly,1
2691,bothered,1
2695,caregiver,1
1358,consolation,1
2697,lingers,1
2698,placing,1
2699,maike,1
2700,currie,1
2703,warwick,1
2704,berkeley,1
1355,payable,1
1350,deserved,1
1346,ifa,1
1345,carne,1
1343,jarman,1
2421,bath,1
2414,responsible,1
2802,orewash,1
2030,babe,1
1970,treat,1
2036,stray,1
2038,ruffing,1
2039,redux,1
2040,tightened,1
1967,tended,1
2043,mislead,1
1963,aussie,1
2047,prequalification,1
2049,challenged,1
1958,discounted,1
1957,advertised,1
2054,wasted,1
2055,dead,1
2056,arrival,1
2058,johnathan,1
1953,till,1
1971,haggle,1
2029,debra,1
2063,bona,1
1972,budge,1
1998,fiscally,1
2000,thriving,1
2002,1850,1
2003,82,1
1988,construed,1
2008,establishes,1
2009,monitoring,1
2012,mission,1
1983,redwood,1
2014,pioneer,1
2016,locally,1
1980,pompton,1
1979,crest,1
1978,cedar,1
2021,assisted,1
1977,erickson,1
1973,discharge,1
1952,auction,1
2064,fide,1
2412,generational,1
1816,picking,1
1797,road,1
1796,harm,1
1790,companysponsored,1
1787,obr,1
1784,shoot,1
1774,lockdown,1
1770,policing,1
1763,forecaster,1
1756,claw,1
1749,inevitable,1
1743,outpace,1
1741,â£1000,1
1739,"protections

higher",1
2404,nice,1
2405,"grandparents

grandparents",1
2407,onto,1
2411,inter,1
1799,wellbeing,1
1821,needing,1
2065,submit,1
1823,desantis,1
2067,verifies,1
2068,analyzes,1
2069,notify,1
1949,dilemma,1
2074,credibility,1
2077,kya,1
2078,ricoe,1
2080,sniff,1
2081,dubious,1
1945,mortgagee,1
2083,acceptance,1
1941,possibility,1
1938,tempted,1
1937,weekâ€™s,1
1839,execute,1
1833,intelligent,1
1825,automobile,1
2801,portlandvancouverhillsboro,1
2803,scenic,1
3106,81,1
1207,unlimited,1
1203,voyager,1
1198,rids,1
1190,rumble,1
1189,myth,1
1184,bailey,1
1182,died,1
3025,maggie,1
1180,controversial,1
3027,47yearold,1
1172,avenue,1
1169,dissuade,1
3035,hounding,1
3041,"""eventually",1
3042,"frozen""",1
1165,argument,1
3044,"time""",1
3045,connected,1
1204,fan,1
1208,airport,1
3049,"freeing""",1
1209,lounge,1
1242,troubled,1
1241,relaunch,1
1240,refuse,1
1239,tsb,1
2945,journalnow,1
2947,mct,1
1236,retreating,1
1234,wider,1
1232,importantly,1
1225,zadeh,1
1224,attar,1
1223,reza,1
1222,breakdown,1
1219,booting,1
1218,bundled,1
1212,concierge,1
1211,worldwide,1
1161,westminster,1
3050,"""ive",1
2931,disposing,1
3080,negotiate,1
3084,avoided,1
3085,threatening,1
3086,"""sometimes",1
3087,mailman,1
3088,2008,1
3089,stumbled,1
1142,relocation,1
3092,attack,1
3093,realized,1
3096,learning,1
3097,"monumental""",1
3099,"different""",1
3100,aball@statesmancom,1
3101,9122506,1
3103,38year,1
1128,securing,1
3105,shocked,1
3082,scour,1
3078,deeply,1
3051,empowerment,1
3077,cancer,1
3052,"amazing""",1
3053,austinbased,1
1158,chorus,1
3059,facilitated,1
3060,$25,1
3061,$25000,1
1157,threat,1
3063,$50000,1
3064,wwwfoundcomorg,1
1147,selection,1
3068,hazekamp,1
3069,outreach,1
3071,incorporated,1
3072,"it""",1
1143,elimination,1
3075,bout,1
3076,breast,1
2932,unsalvageable,1
2929,speeding,1
1307,pitch,1
2832,riverside,1
2835,fort,1
2836,lauderdale,1
2837,pompano,1
1290,renewed,1
2841,quincy,1
2843,oakland,1
2844,fremont,1
1288,unlikley,1
2848,bay,1
2849,hunter,1
2850,multiphase,1
2851,redevelopment,1
1286,juicy,1
2854,carlsbad,1
2855,marcos,1
2857,leslie,1
2858,kilpatrick,1
2833,bernardino,1
2831,colo,1
1282,glossy,1
2830,broomfield,1
1306,duff,1
2808,los,1
2811,santa,1
2812,ana,1
1303,happily,1
1302,loser,1
2815,northern,1
1300,norm,1
1299,coffer,1
1298,swell,1
2819,tag,1
2820,arlington,1
1296,genuinely,1
1294,policymakers,1
1293,nearer,1
2827,wide,1
2829,aurora,1
2859,catchup,1
2861,"""playing",1
2925,consecutive,1
1264,tightly,1
1256,curtail,1
2905,unfairly,1
2906,penalises,1
2907,lowpaid,1
2908,scrapping,1
2909,multijobbers,1
2910,"overdue""",1
2911,20the,1
1250,undertaken,1
2915,corelogic,1
1248,coincides,1
2918,davie,1
2919,forsyth,1
2920,stokes,1
2921,yadkin,1
2922,252,1
2923,266,1
1262,misnomer,1
2893,1218,1
2862,"catchup""",1
1265,constrained,1
2863,insurer,1
1281,lured,1
2866,struck,1
2867,severe,1
1278,gravitate,1
2870,5000,1
1276,satisfied,1
1274,profitable,1
2879,optimistic,1
2881,pessimistic,1
2882,pete,1
2884,"""longterm",1
1273,cross,1
2886,"work""",1
2887,"""thats",1
2889,transformed,1
2890,"living""",1
3682,dearth,1
3691,snapping,1
4910,couriermails,1
4598,consumption,1
4586,incometax,1
4587,yearsthe,1
4588,"simplistic""",1
4589,"paycheck""",1
4591,highincome,1
4592,"income""",1
4595,yearsand,1
4596,"plan""",1
436,totalling,1
796,dress,1
4601,wholly,1
4602,chicagobased,1
4603,fundresearch,1
4604,pinpointing,1
4606,"less""",1
4608,"younger""",1
4609,powell,1
4610,marketwatchcom,1
4585,expensescommuting,1
4584,subtract,1
4582,salaryor,1
4581,77,1
4500,patten,1
4502,quantum,1
4504,"save""",1
4507,"goes""",1
4508,invariably,1
4512,hanging,1
4514,assetsthe,1
4515,@sallympatten,1
4516,anzcomwomen,1
4567,venerable,1
4568,incomereplacement,1
4570,retireesespecially,1
4571,bracketsmight,1
4574,magazine,1
4577,lubbock,1
4578,workingnor,1
4580,takehome,1
4611,reports@wsjcom,1
435,underpayment,1
4613,33,1
4644,avoidance,1
4646,tfsas,1
4647,disbursement,1
4649,nervous,1
4650,"stocks""",1
4651,"""with",1
4653,preferred,1
4656,strange,1
4658,raised,1
4659,commodity,1
4660,nutshell,1
4662,narrowed,1
4663,fold,1
4664,globally,1
4665,developer,1
4666,bucket,1
4668,approve,1
4669,reputational,1
4645,trap,1
4643,overspending,1
4616,1100squarefoot,1
4642,restrain,1
4617,lay,1
4618,$5500,1
4621,$14508,1
4622,ellens,1
4623,$37056,1
4624,$60000,1
4626,speaking,1
4627,favour,1
4628,bargain,1
4629,upkeep,1
4630,floating,1
4633,feasible,1
4635,unsupportable,1
4638,justifies,1
4639,clawback,1
4640,mansion,1
419,underpaid,1
4499,fairfax,1
4498,lid,1
507,gloom,1
4318,todman,1
4320,goldsborough,1
4321,licence,1
4323,edited,1
4326,overly,1
4328,ansett,1
4329,ascertain,1
4331,transferable,1
4333,resume,1
4334,consulting,1
4337,applicable,1
4338,needbased,1
4340,undergrad,1
4341,glad,1
551,lunch,1
4343,efc,1
4344,sibling,1
4345,simultaneously,1
4319,authorised,1
4317,glenn,1
4349,bedminster,1
4315,accumulating,1
4293,terminology,1
4294,undeducted,1
4295,attracts,1
4297,balanced,1
4298,contributes,1
4299,mentioned,1
4300,estimation,1
4301,touching,1
4304,motor,1
4305,buffer,1
4306,fiancee,1
4307,intend,1
4309,flattened,1
4310,introduction,1
4312,variation,1
4313,repaid,1
4314,sacrificed,1
4348,peapack,1
4351,multiple,1
508,trigger,1
4414,travelling,1
4416,foolish,1
4417,"dead""",1
4418,subeditor,1
4419,telegraph,1
4420,desk,1
4421,64400,1
4422,699pc,1
4423,maisonette,1
4424,valued,1
4425,230000,1
4426,30000,1
4427,7000,1
4428,artemis,1
4429,africa,1
4430,tenerife,1
4431,dubai,1
4432,maldives,1
4415,seemed,1
4413,southgate,1
4354,widely,1
524,rough,1
4355,tandem,1
4356,attending,1
4357,defray,1
4358,supplemental,1
4359,proxy,1
4360,consuming,1
550,theatre,1
4363,karin,1
4364,mueller,1
4365,bamboozled,1
4366,nj,1
536,spectrum,1
528,pat,1
525,patch,1
4409,"""manna",1
4410,"heaven""",1
4411,aliki,1
4672,correlation,1
4673,redeem,1
4675,operational,1
4822,rotating,1
4824,gettelfinger,1
4825,teamster,1
4826,hoffa,1
4827,iris,1
4828,salter,1
335,yougov,1
4832,letters@detnewscom,1
4833,313,1
4834,4965253,1
4835,615,1
4836,lafayette,1
4837,48226,1
4838,det58263392xml,1
4843,urgent,1
4846,stroke,1
4849,broken,1
4852,male,1
4823,ron,1
4821,105,1
4856,damaging,1
4819,counted,1
4792,republic,1
4798,familysupporting,1
4799,overcoming,1
4802,crushing,1
4803,selfpurpose,1
4804,shock,1
4806,critically,1
4808,liaison,1
341,sample,1
4810,somewhere,1
4811,counseling,1
4813,connects,1
4814,highquality,1
4815,encouragement,1
4816,reschooling,1
4817,291,1
4818,800000,1
332,polling,1
4857,breakup,1
4790,arizonarepublic,1
4882,liver,1
4887,seemingly,1
4888,depressive,1
4889,anxiety,1
4891,treating,1
4893,nutrition,1
4895,alcohol,1
4897,programme,1
4898,counsellor,1
4899,ridwan,1
4900,shabsigh,1
4901,cornell,1
4902,culture,1
4905,bereavement,1
4906,prevalence,1
4907,diagnosis,1
4908,practitioner,1
4909,answered,1
4883,overweight,1
4879,unremarkable,1
4858,men have,1
4878,exwife,1
4860,behaviour,1
4861,felix,1
4862,nebraska,1
4863,centred,1
4865,white,1
4866,endured,1
4867,visited,1
4868,complaining,1
4869,persistent,1
4870,abdominal,1
4871,pain,1
4872,sixpack,1
4873,beer,1
4874,begun,1
4875,hating,1
4876,irritated,1
4877,bos,1
4791,columnist,1
349,explaining,1
4678,mix,1
4707,weigh,1
4711,payday,1
4712,â€œcatastrophicâ€,1
4713,loom,1
4714,east,1
4715,chris,1
4716,pierson,1
4718,accessing,1
4719,catastrophic,1
405,backpaid,1
4722,fork,1
4723,uniform,1
4724,excursion,1
4725,curricular,1
4726,inquiry,1
4727,karzis,1
4728,trialling,1
4730,myki,1
4709,idr,1
4702,pursued,1
4735,violence,1
4701,pathway,1
4679,rechtshaffen,1
4680,mba,1
4681,cfp,1
4684,hosting,1
4685,webinar,1
4687,underfilled,1
4688,fouryear,1
4689,doomed,1
4690,incomedriven,1
4692,"grows""",1
4693,"""students",1
4694,horror,1
4695,"conversation""",1
4696,forefront,1
4697,lucrative,1
4698,attainable,1
4699,furthermore,1
4731,hoping,1
4736,suffering,1
4784,medication,1
4764,distracting,1
4766,discouraged,1
4767,towel,1
4768,retireesmight,1
4769,portray,1
4770,daunting,1
4771,demotivating,1
4772,prescription,1
4773,remembering,1
4774,thatfor,1
4775,subsidized,1
4776,alternatively,1
4777,nonworking,1
4778,resort,1
4779,depleted,1
353,red,1
351,renewing,1
4783,exercising,1
356,reply,1
4763,behaviorally,1
392,happening,1
4762,factoring,1
4738,brooke,1
4739,mckail,1
4740,recreation,1
4741,disengage,1
4743,creates,1
4744,financialplanning,1
4745,outofpocket,1
4746,healthrelated,1
4747,unknowable,1
376,replaces,1
375,beforehand,1
4750,lifespan,1
4752,routine,1
4756,encompasses,1
4758,multiyear,1
4759,shelter,1
4760,excluding,1
557,java,1
4290,packet,1
4287,gorstwilliams,1
713,lancashire,1
711,hyndburn,1
709,blackspots,1
707,highlighted,1
706,hertfordshire,1
701,loud,1
697,compelling,1
696,absolutely,1
3914,spoken,1
3915,defence,1
3916,french,1
3917,colossus,1
692,ignoring,1
3921,maturing,1
3922,#9568,1
3923,tenyear,1
3924,29yearold,1
3925,outset,1
712,rossendale,1
716,hamlet,1
3927,represents,1
717,51,1
752,rife,1
3820,helicopter,1
3821,interrogation,1
3823,girlfriend,1
747,resonates,1
3825,requesting,1
3826,turmoil,1
3831,misconception,1
739,exam,1
3835,cheater,1
3836,rosen,1
3837,sbrosen,1
735,focussing,1
730,confederation,1
729,recruitment,1
728,600,1
718,barrowinfurness,1
3926,#50,1
3928,#107772,1
3815,religion,1
3955,yearonyear,1
681,88,1
3958,cashed,1
3962,divergence,1
3963,traction,1
3965,108,1
3967,aiming,1
3970,£150000,1
3972,£5000,1
3975,"""comfortable""",1
3976,wideranging,1
3977,£3000,1
3978,£1980,1
3979,stance,1
3980,evident,1
3981,cheapest,1
3982,£300,1
3983,£2200,1
683,87,1
3954,#130000,1
3930,represented,1
3953,tenyearold,1
3932,1975,1
3933,exchange,1
3934,reckoning,1
3936,handsomely,1
3937,outstripped,1
689,sussex,1
688,horsham,1
687,gloucestershire,1
3942,8,1
3943,assured,1
3944,alter,1
686,stroud,1
3947,smooth,1
3948,underweight,1
3950,telecom,1
3951,1999,1
3952,arose,1
3816,hook,1
755,64,1
3986,anecdotally,1
3725,undervalued,1
3728,attom,1
3729,slowed,1
3730,peaking,1
3733,exclusively,1
3734,amh,1
3735,trading,1
780,equality,1
3738,storage,1
3739,billionaire,1
3740,wayne,1
779,unfeasible,1
3744,bx,1
3745,invitation,1
3746,founding,1
3748,outbid,1
3750,medina,1
3751,grand,1
3727,convert,1
3724,rushed,1
777,ageist,1
3723,crash,1
3693,graphic,1
3695,tmsnrt,1
795,wedding,1
3697,azwkj,1
3698,shrinking,1
794,remembers,1
3700,conspiring,1
3701,hourly,1
3702,laden,1
3703,shiller,1
789,devastating,1
3709,traditionally,1
3712,compiled,1
3713,trulia,1
3714,tighter,1
3716,lake,1
3722,subprime,1
3752,jurupa,1
3755,accidental,1
757,1649,1
3783,exurbs,1
3785,shaughnessy,1
3791,nichola,1
3792,groom,1
3793,editing,1
3794,horton,1
3795,brian,1
3796,thevenot,1
764,altmann,1
763,ro,1
3801,creditcardscom,1
3802,"""financial",1
3803,"infidelity""",1
761,53,1
3805,offlimits,1
760,2010,1
758,188,1
3810,bare,1
3784,bob,1
3782,urban,1
3756,lawrence,1
3781,refocused,1
3757,yun,1
3759,amassed,1
3760,totaled,1
3762,constant,1
3763,delayed,1
3764,siphoned,1
3765,depressed,1
774,labour,1
3768,retreated,1
3770,slowing,1
773,latent,1
3772,dietz,1
771,apprentice,1
3774,peaked,1
3775,lincoln,1
3779,phm,1
3780,pulte,1
3984,stepping,1
3987,occurring,1
4286,jessica,1
4164,quantitative,1
4166,william,1
4167,priest,1
4168,epoch,1
4170,megacap,1
4171,ann,1
4173,technical,1
4174,americamerrill,1
4175,lynch,1
4176,instance,1
4178,megacaps,1
599,td,1
4180,subscribe,1
4182,mod,1
4183,djnwires,1
593,patricia,1
592,resp,1
583,suffice,1
4165,absolute,1
4163,nomura,1
571,overdrinking,1
4162,donnelley,1
4141,stanley,1
4142,defines,1
608,calorie,1
4144,coca,1
4145,cola,1
4146,bristol,1
4147,myers,1
4148,squibb,1
4149,appeared,1
4151,google,1
4152,procter,1
4153,chevron,1
4154,trailed,1
4155,discerning,1
4157,divide,1
600,waterhouse,1
4161,marathon,1
579,mexico,1
570,smoking,1
4138,underperformed,1
4255,reimbursed,1
4258,"""our",1
4260,postage,1
4261,specified,1
4263,confirmation,1
4264,"address""",1
4267,queried,1
4268,respect,1
4270,distracted,1
4273,independently,1
4276,acquired,1
4278,cyber,1
4279,0300,1
4280,123,1
4281,2040,1
4282,actionfraudpoliceuk,1
4284,apprehended,1
4285,touch,1
4257,ebays,1
4254,"gesture""",1
4227,stole,1
4253,issuing,1
567,excuse,1
4231,shortly,1
4232,duly,1
4235,stating,1
4236,hacked,1
4238,promptly,1
560,latte,1
4241,tune,1
4242,jj,1
4243,warwickshire,1
4244,approached,1
4245,"""view",1
4246,"details""",1
4247,"""sending",1
4249,"protection""",1
558,jolt,1
4252,involvement,1
4139,adam,1
4135,fedex,1
3988,responding,1
4052,abruptly,1
4054,nonretired,1
4055,85,1
4056,"""retirement""",1
4057,moneyonline,1
4060,spectator,1
4061,sit,1
4063,liked,1
4064,gradual,1
4065,meagre,1
4068,nobody,1
4069,laid,1
4072,cheerfully,1
4073,ran,1
4074,halved,1
4075,predictor,1
4076,satisfaction,1
4077,breadth,1
4053,fulltime,1
4051,acknowledgment,1
4082,presenter,1
641,consolidate,1
3989,fcas,1
3990,abbie,1
3993,notable,1
3994,"""menuforservice""",1
3995,timecosting,1
3997,complexity,1
3999,menubased,1
4002,irrespective,1
4007,"model""",1
4008,relevance,1
4009,muchpublicised,1
4010,fca,1
4011,revisiting,1
4012,craigrickman@ftcom,1
658,hotspot,1
647,machine,1
646,atm,1
4081,seminar,1
4083,publisher,1
609,lieu,1
4112,familiar,1
4115,screening,1
4117,slicing,1
4118,economically,1
4119,foregoing,1
4120,overpriced,1
4121,southern,1
4122,beverage,1
4123,snack,1
4124,producer,1
4125,pepsico,1
1995,clares,1
4127,maker,1
4128,northrop,1
4129,grumman,1
4131,exxon,1
4132,mobil,1
4133,express,1
4113,believed,1
4110,nifty,1
4085,quarterly,1
4109,alliancebernstein,1
4086,maryh,1
4087,pl,1
4088,headlong,1
4090,meltdown,1
4091,imminent,1
627,cool,1
4093,safest,1
626,neat,1
625,iphone,1
4096,quinsee,1
624,computer,1
622,overspend,1
4099,factset,1
4103,cyclical,1
4105,dump,1
4106,vadim,1
4108,strategist,1
6257,alderman,1
